order_id,order_date,month,member_id,country,category,product,quantity,unit_price,total_sales
ORD-191161,2024-01-05,2024-01,1409,Germany,Home & Garden,Vase,9,370.87,3337.83
ORD-127824,2024-01-07,2024-01,7912,Canada,Electronics,Laptop,10,503.69,5036.9
ORD-895667,2024-01-15,2024-01,4257,Germany,Automotive,Wiper,1,298.74,298.74
ORD-207175,2024-01-05,2024-01,3615,France,Toys,Card Game,6,115.5,693.0
ORD-946335,2024-01-28,2024-01,2519,Australia,Toys,Puzzle,5,178.54,892.7
ORD-969693,2024-01-13,2024-01,1711,Sweden,Beauty,Shampoo,5,48.61,243.05
ORD-910620,2024-01-03,2024-01,6925,Italy,Office Supplies,Paper Clips,4,32.45,129.8
ORD-766563,2024-01-04,2024-01,5741,Netherlands,Clothing,Sneakers,8,196.26,1570.08
ORD-738720,2024-01-07,2024-01,6977,Australia,Food,Rice,2,68.67,137.34
ORD-330283,2024-01-15,2024-01,3803,UK,Automotive,Seat Cover,9,195.93,1763.37
ORD-380746,2024-01-02,2024-01,6313,Netherlands,Electronics,Headphones,7,1619.84,11338.88
ORD-249811,2024-01-21,2024-01,2084,Germany,Books,Dictionary,8,254.62,2036.96
ORD-549245,2024-01-18,2024-01,5339,Italy,Food,Olive Oil,10,56.2,562.0
ORD-214975,2024-01-17,2024-01,7543,UK,Sports,Water Bottle,1,251.82,251.82
ORD-590785,2024-01-03,2024-01,3504,India,Food,Spices,10,41.55,415.5
ORD-887352,2024-01-24,2024-01,9669,Mexico,Home & Garden,Plant Pot,9,66.13,595.17
ORD-857168,2024-01-14,2024-01,5371,France,Sports,Dumbbells,1,87.5,87.5
ORD-982554,2024-01-04,2024-01,5315,Brazil,Automotive,Air Freshener,5,436.55,2182.75
ORD-916449,2024-01-12,2024-01,9317,UK,Office Supplies,Paper Clips,9,383.63,3452.67
ORD-972064,2024-01-01,2024-01,9689,China,Electronics,Monitor,6,268.14,1608.84
ORD-867460,2024-01-19,2024-01,6038,Germany,Books,Novel,2,474.01,948.02
ORD-273148,2024-01-22,2024-01,8962,UK,Clothing,Jacket,9,242.89,2186.01
ORD-847581,2024-01-18,2024-01,5342,Germany,Automotive,Wiper,4,380.08,1520.32
ORD-335612,2024-01-17,2024-01,6107,China,Toys,Card Game,4,231.23,924.92
ORD-107540,2024-01-18,2024-01,2049,India,Sports,Yoga Mat,4,122.76,491.04
ORD-639131,2024-01-02,2024-01,2163,Canada,Electronics,Headphones,2,1726.29,3452.58
ORD-704201,2024-01-18,2024-01,4899,Germany,Home & Garden,Clock,10,74.83,748.3
ORD-790993,2024-01-14,2024-01,8744,Spain,Books,Journal,2,103.3,206.6
ORD-806073,2024-01-15,2024-01,8062,Japan,Sports,Bicycle Helmet,1,433.28,433.28
ORD-360735,2024-01-11,2024-01,2612,Italy,Electronics,Keyboard,2,1611.16,3222.32
ORD-361941,2024-01-14,2024-01,4139,UK,Books,Journal,8,99.91,799.28
ORD-197793,2024-01-21,2024-01,2235,USA,Beauty,Shampoo,1,499.65,499.65
ORD-161483,2024-01-16,2024-01,4872,China,Food,Spices,7,25.31,177.17
ORD-399105,2024-01-09,2024-01,3697,Japan,Toys,Board Game,8,463.99,3711.92
ORD-707314,2024-01-07,2024-01,7930,UK,Automotive,Oil Filter,1,155.39,155.39
ORD-994141,2024-01-02,2024-01,9883,USA,Electronics,Monitor,9,1189.15,10702.35
ORD-723939,2024-01-03,2024-01,9701,Brazil,Food,Organic Coffee,2,85.88,171.76
ORD-141672,2024-01-19,2024-01,2113,Canada,Books,Travel Guide,10,130.65,1306.5
ORD-350280,2024-01-09,2024-01,2343,Sweden,Toys,Card Game,6,110.09,660.54
ORD-888387,2024-01-21,2024-01,5351,Mexico,Toys,Lego Set,6,157.0,942.0
ORD-663750,2024-01-19,2024-01,2188,India,Electronics,Mouse,2,1992.39,3984.78
ORD-487477,2024-01-12,2024-01,4492,UK,Automotive,Floor Mat,4,441.62,1766.48
ORD-946305,2024-01-18,2024-01,5669,Netherlands,Food,Chocolate,10,71.84,718.4
ORD-377312,2024-01-22,2024-01,9666,Sweden,Electronics,Camera,3,251.99,755.97
ORD-313487,2024-01-10,2024-01,2891,France,Clothing,Jacket,6,306.37,1838.22
ORD-969634,2024-01-28,2024-01,5325,France,Automotive,Oil Filter,7,34.89,244.23
ORD-269430,2024-01-25,2024-01,5533,Australia,Electronics,Laptop,5,305.1,1525.5
ORD-672092,2024-01-01,2024-01,8239,Brazil,Automotive,Wiper,3,64.82,194.46
ORD-934794,2024-01-05,2024-01,1590,Japan,Sports,Running Shoes,6,30.5,183.0
ORD-918011,2024-01-08,2024-01,1653,Mexico,Sports,Water Bottle,6,336.8,2020.8
ORD-532322,2024-01-08,2024-01,7658,Sweden,Office Supplies,Stapler,3,433.66,1300.98
ORD-379766,2024-01-14,2024-01,1406,Spain,Food,Rice,4,81.21,324.84
ORD-309267,2024-01-02,2024-01,3608,Netherlands,Clothing,Shorts,4,430.71,1722.84
ORD-124813,2024-01-26,2024-01,8541,Netherlands,Sports,Tennis Racket,4,436.95,1747.8
ORD-468203,2024-01-28,2024-01,4164,France,Toys,Card Game,5,44.02,220.1
ORD-287241,2024-01-04,2024-01,9346,USA,Toys,Card Game,5,439.75,2198.75
ORD-557592,2024-01-14,2024-01,5349,India,Electronics,Smartphone,6,724.09,4344.54
ORD-843215,2024-01-19,2024-01,9379,Sweden,Clothing,Shorts,1,103.14,103.14
ORD-753425,2024-01-14,2024-01,8144,Australia,Electronics,Headphones,6,186.45,1118.7
ORD-521947,2024-01-10,2024-01,6143,Brazil,Clothing,Dress,6,336.78,2020.68
ORD-810219,2024-01-14,2024-01,5844,Germany,Automotive,Air Freshener,7,335.82,2350.74
ORD-400850,2024-01-18,2024-01,3851,Japan,Office Supplies,Whiteboard,5,418.53,2092.65
ORD-636004,2024-01-15,2024-01,4443,China,Toys,Card Game,4,226.66,906.64
ORD-451470,2024-01-17,2024-01,8752,France,Food,Green Tea,10,68.07,680.7
ORD-148458,2024-01-26,2024-01,2530,Germany,Books,Comic,1,107.57,107.57
ORD-303880,2024-01-14,2024-01,5011,China,Beauty,Shampoo,10,444.21,4442.1
ORD-887443,2024-01-05,2024-01,7291,Germany,Beauty,Nail Polish,1,331.47,331.47
ORD-587115,2024-01-26,2024-01,2746,UK,Toys,Action Figure,9,479.4,4314.6
ORD-940346,2024-01-28,2024-01,1822,Sweden,Automotive,Seat Cover,3,69.47,208.41
ORD-547470,2024-01-15,2024-01,8612,Spain,Automotive,Phone Mount,9,310.2,2791.8
ORD-888295,2024-01-28,2024-01,9976,Italy,Beauty,Perfume,5,242.59,1212.95
ORD-848206,2024-01-08,2024-01,5050,Mexico,Home & Garden,Clock,2,144.55,289.1
ORD-245095,2024-01-11,2024-01,5681,Australia,Books,Comic,2,447.58,895.16
ORD-535020,2024-01-05,2024-01,3471,Italy,Books,Travel Guide,2,356.15,712.3
ORD-508396,2024-01-02,2024-01,7678,Japan,Sports,Jump Rope,7,111.35,779.45
ORD-890075,2024-01-01,2024-01,1320,China,Office Supplies,Sticky Notes,5,471.94,2359.7
ORD-130434,2024-01-08,2024-01,7389,China,Toys,Action Figure,8,143.74,1149.92
ORD-752483,2024-01-06,2024-01,7371,Italy,Sports,Bicycle Helmet,3,421.85,1265.55
ORD-773971,2024-01-19,2024-01,9751,India,Electronics,Keyboard,2,1342.85,2685.7
ORD-321941,2024-01-02,2024-01,8022,UK,Food,Chocolate,6,29.71,178.26
ORD-364525,2024-01-13,2024-01,8449,Spain,Sports,Basketball,7,146.35,1024.45
ORD-335113,2024-01-18,2024-01,2341,Italy,Beauty,Moisturizer,6,35.52,213.12
ORD-259784,2024-01-07,2024-01,2124,Germany,Electronics,Laptop,10,1686.5,16865.0
ORD-587623,2024-01-04,2024-01,4908,Mexico,Food,Chocolate,4,58.58,234.32
ORD-915573,2024-01-20,2024-01,5198,India,Sports,Running Shoes,2,482.23,964.46
ORD-810250,2024-01-01,2024-01,3683,India,Home & Garden,Candle,10,465.15,4651.5
ORD-206851,2024-01-19,2024-01,7149,Canada,Toys,Action Figure,4,348.4,1393.6
ORD-658623,2024-01-19,2024-01,5941,Spain,Office Supplies,Notebook,6,393.49,2360.94
ORD-962276,2024-01-21,2024-01,8018,Brazil,Sports,Dumbbells,7,177.2,1240.4
ORD-841666,2024-01-21,2024-01,9031,Australia,Clothing,Shorts,8,446.87,3574.96
ORD-745830,2024-01-17,2024-01,3506,Italy,Toys,Lego Set,5,483.08,2415.4
ORD-437960,2024-01-27,2024-01,9817,Japan,Beauty,Brush Set,5,368.2,1841.0
ORD-697530,2024-01-15,2024-01,5022,Sweden,Clothing,Dress,8,129.49,1035.92
ORD-322423,2024-01-28,2024-01,7209,China,Sports,Yoga Mat,8,169.26,1354.08
ORD-682789,2024-01-20,2024-01,6813,France,Home & Garden,Cushion,5,353.58,1767.9
ORD-682144,2024-01-08,2024-01,1166,Canada,Automotive,Seat Cover,8,362.84,2902.72
ORD-332360,2024-01-26,2024-01,4937,China,Beauty,Brush Set,5,18.45,92.25
ORD-656711,2024-01-19,2024-01,7625,Mexico,Books,Comic,9,190.82,1717.38
ORD-363615,2024-01-23,2024-01,6632,Australia,Toys,Card Game,5,232.34,1161.7
ORD-300845,2024-01-04,2024-01,4777,Australia,Clothing,Sneakers,3,374.01,1122.03
ORD-725780,2024-01-19,2024-01,4545,Italy,Beauty,Sunscreen,9,488.54,4396.86
ORD-114835,2024-01-08,2024-01,5636,France,Clothing,Sneakers,5,186.83,934.15
ORD-768854,2024-01-02,2024-01,9751,USA,Food,Pasta,3,57.57,172.71
ORD-457256,2024-01-10,2024-01,9042,India,Clothing,T-Shirt,8,240.0,1920.0
ORD-520172,2024-01-16,2024-01,4020,Netherlands,Electronics,Camera,2,272.47,544.94
ORD-189318,2024-01-05,2024-01,9056,UK,Clothing,T-Shirt,5,407.46,2037.3
ORD-913373,2024-01-20,2024-01,5066,India,Clothing,Shorts,4,397.46,1589.84
ORD-549660,2024-01-15,2024-01,9561,Sweden,Toys,Art Set,10,155.7,1557.0
ORD-755900,2024-01-24,2024-01,6003,India,Office Supplies,Pen,4,58.62,234.48
ORD-264136,2024-01-08,2024-01,4457,UK,Home & Garden,Candle,2,95.17,190.34
ORD-342720,2024-01-20,2024-01,1043,Italy,Toys,Art Set,1,240.26,240.26
ORD-926097,2024-01-22,2024-01,5720,Canada,Home & Garden,Clock,5,124.38,621.9
ORD-966785,2024-01-08,2024-01,4241,Brazil,Toys,Puzzle,5,327.34,1636.7
ORD-402630,2024-01-26,2024-01,3330,UK,Clothing,T-Shirt,10,160.73,1607.3
ORD-624783,2024-01-10,2024-01,8195,Italy,Clothing,Scarf,5,352.87,1764.35
ORD-870214,2024-01-20,2024-01,9847,Canada,Beauty,Brush Set,7,29.53,206.71
ORD-715643,2024-01-03,2024-01,6280,USA,Office Supplies,Whiteboard,10,122.17,1221.7
ORD-783157,2024-01-25,2024-01,1339,Spain,Home & Garden,Plant Pot,9,95.84,862.56
ORD-195674,2024-01-14,2024-01,8245,India,Home & Garden,Throw Blanket,8,321.04,2568.32
ORD-445824,2024-01-11,2024-01,8700,Australia,Sports,Bicycle Helmet,3,338.37,1015.11
ORD-138479,2024-01-13,2024-01,7744,Mexico,Beauty,Sunscreen,9,408.65,3677.85
ORD-639593,2024-01-11,2024-01,8451,France,Clothing,Hoodie,7,66.8,467.6
ORD-752878,2024-01-02,2024-01,1018,Japan,Automotive,Oil Filter,6,101.92,611.52
ORD-559398,2024-01-09,2024-01,9167,Germany,Beauty,Moisturizer,5,279.12,1395.6
ORD-425845,2024-01-20,2024-01,8941,Mexico,Clothing,T-Shirt,3,401.66,1204.98
ORD-583863,2024-01-08,2024-01,1224,Canada,Automotive,Wiper,2,496.21,992.42
ORD-535673,2024-01-23,2024-01,2924,Sweden,Food,Chocolate,5,32.73,163.65
ORD-728492,2024-01-18,2024-01,8905,China,Beauty,Lipstick,4,80.87,323.48
ORD-456385,2024-01-25,2024-01,9327,France,Food,Green Tea,7,80.05,560.35
ORD-708093,2024-01-24,2024-01,9318,France,Home & Garden,Plant Pot,10,156.29,1562.9
ORD-899929,2024-01-16,2024-01,9022,Brazil,Food,Chocolate,9,37.79,340.11
ORD-699573,2024-01-11,2024-01,9903,Sweden,Toys,Art Set,4,436.1,1744.4
ORD-504832,2024-01-11,2024-01,7274,USA,Books,Travel Guide,7,374.91,2624.37
ORD-205239,2024-01-17,2024-01,3492,UK,Beauty,Moisturizer,6,483.02,2898.12
ORD-178463,2024-01-24,2024-01,8213,USA,Clothing,Scarf,3,80.64,241.92
ORD-993140,2024-01-23,2024-01,8692,India,Home & Garden,Cushion,2,204.77,409.54
ORD-667296,2024-01-21,2024-01,6383,Australia,Automotive,Wiper,8,362.17,2897.36
ORD-338536,2024-01-21,2024-01,1588,Germany,Office Supplies,Notebook,5,345.36,1726.8
ORD-565230,2024-01-21,2024-01,2480,Spain,Toys,Puzzle,2,354.91,709.82
ORD-475876,2024-01-11,2024-01,3725,USA,Home & Garden,Plant Pot,5,400.11,2000.55
ORD-278240,2024-01-17,2024-01,7141,Germany,Toys,Lego Set,3,211.91,635.73
ORD-250069,2024-01-22,2024-01,3868,India,Clothing,Shorts,10,128.01,1280.1
ORD-401603,2024-01-09,2024-01,4804,China,Beauty,Sunscreen,8,336.75,2694.0
ORD-769975,2024-01-12,2024-01,9955,China,Food,Green Tea,5,98.83,494.15
ORD-994787,2024-01-10,2024-01,7951,Netherlands,Home & Garden,Clock,7,107.62,753.34
ORD-833247,2024-01-19,2024-01,8916,Japan,Clothing,Sneakers,5,185.89,929.45
ORD-735863,2024-01-01,2024-01,5837,France,Electronics,Keyboard,1,1153.56,1153.56
ORD-751051,2024-01-26,2024-01,9138,India,Home & Garden,Vase,4,182.64,730.56
ORD-926918,2024-01-21,2024-01,5106,Sweden,Food,Green Tea,5,66.4,332.0
ORD-442589,2024-01-05,2024-01,8222,Italy,Electronics,Monitor,5,225.76,1128.8
ORD-656639,2024-01-26,2024-01,7807,UK,Food,Olive Oil,6,56.24,337.44
ORD-882824,2024-01-27,2024-01,9221,France,Home & Garden,Throw Blanket,5,472.65,2363.25
ORD-809176,2024-01-05,2024-01,6549,Canada,Clothing,Scarf,4,379.53,1518.12
ORD-662636,2024-01-26,2024-01,7511,Canada,Automotive,Phone Mount,5,203.34,1016.7
ORD-499534,2024-01-24,2024-01,3024,Mexico,Beauty,Face Mask,10,339.45,3394.5
ORD-443939,2024-01-01,2024-01,7086,China,Clothing,Sneakers,9,313.58,2822.22
ORD-222343,2024-01-23,2024-01,4626,Sweden,Clothing,Scarf,7,158.07,1106.49
ORD-663658,2024-01-16,2024-01,3290,France,Electronics,Laptop,4,276.43,1105.72
ORD-539486,2024-01-22,2024-01,3222,Australia,Toys,Art Set,9,475.2,4276.8
ORD-134305,2024-01-16,2024-01,3531,Netherlands,Toys,Puzzle,5,311.67,1558.35
ORD-818987,2024-01-08,2024-01,7070,China,Books,Journal,2,429.17,858.34
ORD-989227,2024-01-13,2024-01,7018,USA,Automotive,Phone Mount,2,145.18,290.36
ORD-153035,2024-01-21,2024-01,8450,Mexico,Clothing,Sneakers,1,302.6,302.6
ORD-317220,2024-01-19,2024-01,6464,Spain,Books,Cookbook,9,110.55,994.95
ORD-102973,2024-01-05,2024-01,4538,Spain,Books,Dictionary,10,396.44,3964.4
ORD-793169,2024-01-09,2024-01,5542,Brazil,Food,Honey,2,80.86,161.72
ORD-439498,2024-01-26,2024-01,1422,Australia,Food,Organic Coffee,10,79.9,799.0
ORD-219169,2024-01-05,2024-01,1258,USA,Food,Pasta,9,75.46,679.14
ORD-573962,2024-01-12,2024-01,2041,Spain,Beauty,Brush Set,2,261.49,522.98
ORD-416282,2024-01-26,2024-01,9254,Italy,Books,Novel,9,455.29,4097.61
ORD-614084,2024-01-28,2024-01,8504,China,Electronics,Laptop,2,833.15,1666.3
ORD-388375,2024-01-20,2024-01,8267,Australia,Clothing,Jeans,3,82.68,248.04
ORD-734836,2024-01-17,2024-01,9984,India,Sports,Bicycle Helmet,9,154.5,1390.5
ORD-855855,2024-01-21,2024-01,8048,Netherlands,Clothing,Jeans,9,328.95,2960.55
ORD-518098,2024-01-08,2024-01,4522,Sweden,Toys,Art Set,8,212.77,1702.16
ORD-260053,2024-01-11,2024-01,7815,Japan,Clothing,Hoodie,6,335.9,2015.4
ORD-880758,2024-01-03,2024-01,8770,Netherlands,Clothing,Jeans,2,55.68,111.36
ORD-530764,2024-01-18,2024-01,7105,India,Food,Organic Coffee,2,58.36,116.72
ORD-705991,2024-01-20,2024-01,6793,France,Toys,Board Game,2,163.1,326.2
ORD-467121,2024-01-16,2024-01,9313,Mexico,Books,Cookbook,2,119.88,239.76
ORD-904711,2024-01-08,2024-01,7022,India,Clothing,Dress,9,405.54,3649.86
ORD-456331,2024-01-06,2024-01,1430,USA,Office Supplies,Whiteboard,5,143.9,719.5
ORD-172965,2024-01-05,2024-01,6751,Netherlands,Electronics,Tablet,7,1154.33,8080.31
ORD-575682,2024-01-17,2024-01,3324,Italy,Electronics,Smartphone,7,469.51,3286.57
ORD-725185,2024-01-24,2024-01,6585,France,Food,Rice,10,35.82,358.2
ORD-385320,2024-01-25,2024-01,2391,UK,Electronics,Tablet,2,1254.78,2509.56
ORD-891615,2024-01-15,2024-01,8259,India,Toys,Art Set,4,212.95,851.8
ORD-610271,2024-01-04,2024-01,9394,Japan,Clothing,Hoodie,10,148.79,1487.9
ORD-108060,2024-01-13,2024-01,9633,Germany,Home & Garden,Plant Pot,1,492.38,492.38
ORD-444061,2024-01-05,2024-01,4349,Spain,Home & Garden,Vase,5,384.44,1922.2
ORD-658453,2024-01-14,2024-01,2965,Italy,Electronics,Mouse,7,392.6,2748.2
ORD-557409,2024-01-13,2024-01,4770,Canada,Automotive,Phone Mount,1,432.26,432.26
ORD-524068,2024-01-11,2024-01,1307,Netherlands,Beauty,Shampoo,10,292.12,2921.2
ORD-940247,2024-01-01,2024-01,7843,Japan,Home & Garden,Candle,3,483.44,1450.32
ORD-717476,2024-01-28,2024-01,8538,Japan,Sports,Dumbbells,7,61.87,433.09
ORD-332335,2024-01-28,2024-01,7560,Japan,Automotive,Dash Camera,6,162.03,972.18
ORD-303322,2024-01-21,2024-01,6456,Brazil,Food,Green Tea,9,15.83,142.47
ORD-281926,2024-01-04,2024-01,6724,Germany,Sports,Running Shoes,4,81.76,327.04
ORD-896788,2024-01-21,2024-01,3504,Spain,Clothing,Jacket,10,252.12,2521.2
ORD-171603,2024-01-21,2024-01,8354,Netherlands,Office Supplies,Desk Organizer,8,164.91,1319.28
ORD-631981,2024-01-09,2024-01,8682,Spain,Beauty,Sunscreen,6,299.8,1798.8
ORD-180458,2024-01-02,2024-01,2215,China,Home & Garden,Clock,5,37.88,189.4
ORD-571579,2024-01-19,2024-01,2479,China,Office Supplies,Sticky Notes,1,281.62,281.62
ORD-208529,2024-01-05,2024-01,4084,Brazil,Sports,Jump Rope,8,479.28,3834.24
ORD-649525,2024-01-08,2024-01,6626,USA,Clothing,Jacket,8,356.73,2853.84
ORD-528625,2024-01-12,2024-01,9564,Australia,Office Supplies,Stapler,7,459.79,3218.53
ORD-445705,2024-01-21,2024-01,6543,Spain,Office Supplies,Pen,2,327.18,654.36
ORD-257677,2024-01-09,2024-01,2548,France,Automotive,Wiper,10,364.63,3646.3
ORD-235215,2024-01-12,2024-01,6461,Sweden,Clothing,Jacket,7,162.01,1134.07
ORD-802667,2024-01-26,2024-01,2388,Mexico,Home & Garden,Lamp,3,170.95,512.85
ORD-289019,2024-01-12,2024-01,9624,Brazil,Clothing,Shorts,5,18.93,94.65
ORD-180913,2024-01-08,2024-01,4509,Germany,Sports,Jump Rope,3,499.99,1499.97
ORD-237414,2024-01-11,2024-01,5846,Mexico,Clothing,T-Shirt,10,439.43,4394.3
ORD-948343,2024-01-27,2024-01,7172,UK,Food,Honey,10,70.82,708.2
ORD-565776,2024-01-12,2024-01,3712,Japan,Beauty,Moisturizer,4,341.42,1365.68
ORD-975679,2024-01-08,2024-01,5668,Brazil,Beauty,Lipstick,8,161.64,1293.12
ORD-627335,2024-01-25,2024-01,4178,China,Sports,Jump Rope,7,148.07,1036.49
ORD-362147,2024-01-07,2024-01,9641,Netherlands,Toys,Lego Set,3,402.62,1207.86
ORD-992512,2024-01-04,2024-01,1854,Brazil,Beauty,Face Mask,9,358.59,3227.31
ORD-254506,2024-01-06,2024-01,3042,Spain,Home & Garden,Candle,9,143.67,1293.03
ORD-535050,2024-01-15,2024-01,8167,Netherlands,Clothing,Sneakers,1,443.47,443.47
ORD-335445,2024-01-13,2024-01,1872,Germany,Toys,Card Game,6,497.32,2983.92
ORD-244283,2024-01-23,2024-01,1461,Netherlands,Sports,Dumbbells,3,328.48,985.44
ORD-570392,2024-01-27,2024-01,1627,Italy,Home & Garden,Clock,8,78.01,624.08
ORD-862560,2024-01-07,2024-01,1086,France,Clothing,T-Shirt,9,419.13,3772.17
ORD-150068,2024-01-10,2024-01,9647,Spain,Toys,Puzzle,2,126.44,252.88
ORD-725726,2024-01-04,2024-01,4906,Canada,Toys,Art Set,8,419.98,3359.84
ORD-744674,2024-01-05,2024-01,9782,Italy,Electronics,Headphones,1,617.98,617.98
ORD-478120,2024-01-22,2024-01,6780,UK,Books,Travel Guide,9,337.43,3036.87
ORD-491435,2024-01-28,2024-01,2108,Japan,Automotive,Car Charger,7,240.37,1682.59
ORD-908977,2024-01-03,2024-01,5155,Spain,Electronics,Monitor,2,722.36,1444.72
ORD-970720,2024-01-18,2024-01,6447,Australia,Food,Organic Coffee,3,37.16,111.48
ORD-138780,2024-01-05,2024-01,8612,Spain,Beauty,Perfume,8,40.92,327.36
ORD-425138,2024-01-07,2024-01,5807,Spain,Books,Novel,6,444.04,2664.24
ORD-400009,2024-01-02,2024-01,9444,France,Toys,Art Set,4,379.11,1516.44
ORD-519453,2024-01-04,2024-01,6848,France,Electronics,Monitor,7,1608.72,11261.04
ORD-936020,2024-01-16,2024-01,8204,UK,Toys,Card Game,6,349.11,2094.66
ORD-962287,2024-01-14,2024-01,9507,Italy,Home & Garden,Candle,10,48.67,486.7
ORD-421384,2024-01-04,2024-01,3956,Australia,Automotive,Floor Mat,5,49.23,246.15
ORD-144412,2024-01-23,2024-01,8305,UK,Office Supplies,Sticky Notes,8,227.52,1820.16
ORD-178686,2024-01-21,2024-01,6776,France,Office Supplies,Sticky Notes,1,490.21,490.21
ORD-136489,2024-01-05,2024-01,7655,USA,Sports,Running Shoes,8,425.85,3406.8
ORD-694799,2024-01-21,2024-01,3068,Spain,Clothing,Sneakers,7,189.5,1326.5
ORD-565504,2024-01-15,2024-01,1530,Mexico,Office Supplies,Stapler,6,474.92,2849.52
ORD-361736,2024-01-12,2024-01,2259,Brazil,Office Supplies,Stapler,5,205.04,1025.2
ORD-223481,2024-01-17,2024-01,2858,China,Electronics,Tablet,9,804.63,7241.67
ORD-309902,2024-01-20,2024-01,5288,Germany,Home & Garden,Clock,8,149.93,1199.44
ORD-192055,2024-01-06,2024-01,3009,China,Food,Green Tea,8,90.37,722.96
ORD-992717,2024-01-18,2024-01,6236,Brazil,Sports,Dumbbells,5,152.28,761.4
ORD-930541,2024-01-08,2024-01,3580,Brazil,Food,Rice,4,16.53,66.12
ORD-590110,2024-01-12,2024-01,3275,USA,Books,Journal,6,281.47,1688.82
ORD-651231,2024-01-10,2024-01,3126,Canada,Office Supplies,Notebook,8,205.1,1640.8
ORD-588461,2024-01-11,2024-01,7730,UK,Toys,Puzzle,8,324.75,2598.0
ORD-290802,2024-01-27,2024-01,9476,Sweden,Sports,Running Shoes,10,392.33,3923.3
ORD-272655,2024-01-04,2024-01,3114,Netherlands,Toys,Board Game,5,263.87,1319.35
ORD-362778,2024-01-17,2024-01,3653,Australia,Sports,Water Bottle,2,448.51,897.02
ORD-197966,2024-01-21,2024-01,4216,UK,Automotive,Floor Mat,9,158.38,1425.42
ORD-454019,2024-01-22,2024-01,9234,UK,Food,Honey,10,64.33,643.3
ORD-782759,2024-01-21,2024-01,1674,USA,Electronics,Smartphone,5,1553.49,7767.45
ORD-403742,2024-01-21,2024-01,4453,India,Office Supplies,Sticky Notes,9,24.84,223.56
ORD-575575,2024-01-26,2024-01,5949,Spain,Beauty,Lipstick,5,345.65,1728.25
ORD-456717,2024-01-14,2024-01,2195,China,Electronics,Tablet,4,994.29,3977.16
ORD-237118,2024-01-28,2024-01,3353,Italy,Sports,Basketball,7,179.23,1254.61
ORD-571435,2024-01-08,2024-01,7070,Australia,Automotive,Dash Camera,5,238.57,1192.85
ORD-538446,2024-01-10,2024-01,5061,USA,Food,Green Tea,10,94.81,948.1
ORD-900190,2024-01-19,2024-01,5067,Sweden,Food,Rice,4,73.51,294.04
ORD-512344,2024-01-10,2024-01,3610,China,Beauty,Brush Set,2,253.71,507.42
ORD-395023,2024-01-19,2024-01,9281,Germany,Beauty,Lipstick,1,182.92,182.92
ORD-551860,2024-01-18,2024-01,9108,France,Office Supplies,Envelope,2,14.01,28.02
ORD-153642,2024-01-13,2024-01,3194,Spain,Home & Garden,Cushion,7,189.31,1325.17
ORD-393308,2024-01-13,2024-01,4189,Canada,Sports,Tennis Racket,9,257.09,2313.81
ORD-684929,2024-01-12,2024-01,2946,Japan,Food,Green Tea,6,80.52,483.12
ORD-147504,2024-01-17,2024-01,6990,India,Food,Olive Oil,1,43.13,43.13
ORD-735710,2024-01-16,2024-01,1637,Spain,Food,Rice,3,54.34,163.02
ORD-746447,2024-01-20,2024-01,9446,Sweden,Food,Rice,7,35.26,246.82
ORD-843167,2024-01-27,2024-01,5902,Brazil,Office Supplies,Desk Organizer,8,259.76,2078.08
ORD-712056,2024-01-11,2024-01,5911,Australia,Beauty,Moisturizer,7,340.17,2381.19
ORD-705693,2024-01-21,2024-01,6040,France,Electronics,Mouse,10,1576.66,15766.6
ORD-912233,2024-01-17,2024-01,4728,UK,Electronics,Mouse,10,1276.6,12766.0
ORD-300051,2024-01-19,2024-01,7229,USA,Food,Olive Oil,2,95.08,190.16
ORD-530311,2024-01-05,2024-01,1310,Japan,Beauty,Face Mask,4,212.35,849.4
ORD-840058,2024-01-28,2024-01,9221,Netherlands,Office Supplies,Envelope,1,370.56,370.56
ORD-651002,2024-01-11,2024-01,3262,Brazil,Automotive,Seat Cover,8,499.08,3992.64
ORD-808699,2024-01-18,2024-01,7173,China,Sports,Running Shoes,6,177.74,1066.44
ORD-335790,2024-01-08,2024-01,5331,Germany,Office Supplies,Envelope,5,146.71,733.55
ORD-465746,2024-01-23,2024-01,5876,Italy,Home & Garden,Vase,8,249.61,1996.88
ORD-958130,2024-01-22,2024-01,5480,India,Home & Garden,Candle,7,276.16,1933.12
ORD-463188,2024-01-10,2024-01,6654,USA,Food,Pasta,2,95.75,191.5
ORD-689318,2024-01-07,2024-01,8247,Germany,Home & Garden,Clock,5,415.7,2078.5
ORD-153231,2024-01-24,2024-01,5450,India,Food,Green Tea,4,60.75,243.0
ORD-205428,2024-01-04,2024-01,9700,USA,Books,Biography,8,212.52,1700.16
ORD-600641,2024-01-21,2024-01,3252,Japan,Electronics,Tablet,8,1873.31,14986.48
ORD-783984,2024-01-21,2024-01,4267,France,Home & Garden,Cushion,2,38.99,77.98
ORD-138105,2024-01-06,2024-01,4804,Sweden,Automotive,Car Charger,3,214.76,644.28
ORD-732063,2024-01-02,2024-01,9116,Sweden,Food,Pasta,10,5.88,58.8
ORD-240718,2024-01-21,2024-01,2758,China,Sports,Tennis Racket,8,276.22,2209.76
ORD-866634,2024-01-26,2024-01,9261,Germany,Beauty,Sunscreen,3,65.2,195.6
ORD-695361,2024-01-24,2024-01,8518,USA,Home & Garden,Throw Blanket,5,175.18,875.9
ORD-520304,2024-01-14,2024-01,4164,Netherlands,Food,Spices,2,53.95,107.9
ORD-373453,2024-01-11,2024-01,2562,China,Food,Honey,1,93.9,93.9
ORD-710754,2024-01-09,2024-01,7284,Spain,Books,Journal,5,477.48,2387.4
ORD-588002,2024-01-08,2024-01,1187,Italy,Home & Garden,Cushion,2,40.44,80.88
ORD-823821,2024-01-17,2024-01,6026,Mexico,Food,Spices,5,92.7,463.5
ORD-601410,2024-01-08,2024-01,2923,India,Home & Garden,Cushion,3,117.37,352.11
ORD-894139,2024-01-23,2024-01,3509,Japan,Beauty,Face Mask,8,279.12,2232.96
ORD-651033,2024-01-25,2024-01,9806,Mexico,Books,Biography,2,301.95,603.9
ORD-630041,2024-01-19,2024-01,8319,Canada,Automotive,Phone Mount,9,64.98,584.82
ORD-221886,2024-01-11,2024-01,4312,UK,Office Supplies,Stapler,8,428.7,3429.6
ORD-575458,2024-01-17,2024-01,4365,Canada,Office Supplies,Envelope,1,228.29,228.29
ORD-805448,2024-01-19,2024-01,3161,China,Automotive,Wiper,8,38.29,306.32
ORD-706403,2024-01-27,2024-01,6049,France,Electronics,Keyboard,4,55.88,223.52
ORD-172371,2024-01-23,2024-01,2196,Australia,Electronics,Keyboard,1,174.33,174.33
ORD-492650,2024-01-06,2024-01,8734,Japan,Electronics,Camera,7,1549.5,10846.5
ORD-239449,2024-01-03,2024-01,7266,Japan,Beauty,Nail Polish,9,344.54,3100.86
ORD-975373,2024-01-13,2024-01,6697,Brazil,Clothing,Jacket,4,269.13,1076.52
ORD-657772,2024-01-22,2024-01,1056,China,Electronics,Camera,7,1452.23,10165.61
ORD-860242,2024-01-12,2024-01,7214,China,Books,Biography,4,86.01,344.04
ORD-352356,2024-01-25,2024-01,2848,India,Electronics,Keyboard,1,1875.66,1875.66
ORD-356622,2024-01-02,2024-01,4376,India,Clothing,Jeans,1,228.76,228.76
ORD-246942,2024-01-18,2024-01,1724,Germany,Toys,Art Set,1,116.46,116.46
ORD-726962,2024-01-24,2024-01,9255,Netherlands,Home & Garden,Vase,10,292.29,2922.9
ORD-331780,2024-01-05,2024-01,6253,Sweden,Books,Comic,9,492.99,4436.91
ORD-756401,2024-01-18,2024-01,7775,USA,Home & Garden,Picture Frame,3,474.77,1424.31
ORD-923975,2024-01-12,2024-01,7999,USA,Automotive,Oil Filter,7,471.38,3299.66
ORD-891062,2024-01-05,2024-01,9592,Japan,Sports,Bicycle Helmet,3,156.95,470.85
ORD-944917,2024-01-08,2024-01,9813,Netherlands,Beauty,Lipstick,3,157.36,472.08
ORD-354655,2024-01-18,2024-01,8586,Japan,Electronics,Keyboard,7,1083.48,7584.36
ORD-196955,2024-01-03,2024-01,5177,Mexico,Books,Dictionary,6,461.89,2771.34
ORD-141468,2024-01-13,2024-01,9775,France,Books,Novel,10,340.1,3401.0
ORD-417915,2024-01-07,2024-01,2192,China,Books,Biography,6,436.04,2616.24
ORD-354377,2024-01-04,2024-01,1251,Italy,Books,Biography,8,375.97,3007.76
ORD-588899,2024-01-11,2024-01,4350,Brazil,Toys,Action Figure,7,390.0,2730.0
ORD-588640,2024-01-12,2024-01,9743,France,Sports,Tennis Racket,8,261.28,2090.24
ORD-147936,2024-01-07,2024-01,2615,Sweden,Beauty,Face Mask,7,191.65,1341.55
ORD-854987,2024-01-18,2024-01,4625,France,Food,Organic Coffee,10,93.8,938.0
ORD-973844,2024-01-11,2024-01,7841,Germany,Home & Garden,Throw Blanket,10,122.71,1227.1
ORD-583214,2024-01-25,2024-01,5026,France,Beauty,Face Mask,8,412.58,3300.64
ORD-668471,2024-01-24,2024-01,3756,UK,Sports,Running Shoes,3,277.81,833.43
ORD-901467,2024-01-28,2024-01,1962,Netherlands,Automotive,Car Charger,1,46.42,46.42
ORD-109585,2024-01-21,2024-01,1104,Netherlands,Toys,Lego Set,3,123.4,370.2
ORD-606676,2024-01-02,2024-01,4583,Australia,Automotive,Oil Filter,10,312.74,3127.4
ORD-655134,2024-01-18,2024-01,8993,Brazil,Electronics,Laptop,1,852.11,852.11
ORD-945328,2024-01-17,2024-01,5501,USA,Automotive,Floor Mat,7,408.45,2859.15
ORD-652029,2024-01-05,2024-01,3937,Brazil,Clothing,Jeans,10,128.07,1280.7
ORD-581294,2024-01-13,2024-01,5135,Spain,Sports,Tennis Racket,7,48.72,341.04
ORD-198042,2024-01-27,2024-01,4984,Mexico,Books,Comic,1,425.45,425.45
ORD-836986,2024-01-16,2024-01,7640,Brazil,Toys,Drone,1,37.5,37.5
ORD-693343,2024-01-14,2024-01,3807,Netherlands,Clothing,Scarf,6,326.0,1956.0
ORD-598598,2024-01-07,2024-01,2562,Germany,Automotive,Car Charger,10,451.62,4516.2
ORD-790077,2024-01-09,2024-01,5441,Mexico,Electronics,Smartphone,10,1803.66,18036.6
ORD-180674,2024-01-07,2024-01,1539,USA,Food,Rice,7,60.77,425.39
ORD-447843,2024-01-27,2024-01,5903,India,Food,Olive Oil,9,85.7,771.3
ORD-202430,2024-01-24,2024-01,7288,Brazil,Food,Green Tea,1,97.56,97.56
ORD-515973,2024-01-20,2024-01,8161,Australia,Books,Textbook,10,386.81,3868.1
ORD-679902,2024-01-15,2024-01,6347,Spain,Electronics,Camera,6,1006.68,6040.08
ORD-909676,2024-01-19,2024-01,7150,Mexico,Toys,Lego Set,2,333.73,667.46
ORD-875584,2024-01-09,2024-01,5839,Canada,Books,Textbook,3,85.57,256.71
ORD-566339,2024-01-03,2024-01,7383,Canada,Sports,Basketball,5,12.55,62.75
ORD-684041,2024-01-03,2024-01,6896,UK,Home & Garden,Candle,8,101.82,814.56
ORD-725920,2024-01-03,2024-01,9395,USA,Toys,Puzzle,2,183.42,366.84
ORD-860053,2024-01-14,2024-01,6315,France,Toys,Board Game,2,200.02,400.04
ORD-415759,2024-01-13,2024-01,4977,Mexico,Office Supplies,Stapler,5,93.06,465.3
ORD-414313,2024-01-06,2024-01,5397,Canada,Beauty,Perfume,7,222.99,1560.93
ORD-722651,2024-01-08,2024-01,8933,France,Clothing,Hoodie,8,363.24,2905.92
ORD-448354,2024-01-10,2024-01,4203,UK,Beauty,Shampoo,7,13.32,93.24
ORD-242736,2024-01-14,2024-01,7224,Australia,Sports,Jump Rope,10,409.58,4095.8
ORD-434640,2024-01-11,2024-01,5922,China,Sports,Water Bottle,7,97.04,679.28
ORD-482746,2024-01-13,2024-01,5775,Australia,Beauty,Lipstick,7,147.35,1031.45
ORD-128223,2024-01-18,2024-01,2865,India,Office Supplies,Paper Clips,9,98.16,883.44
ORD-958747,2024-01-10,2024-01,8563,Spain,Books,Journal,2,417.33,834.66
ORD-849979,2024-01-10,2024-01,7703,Mexico,Beauty,Perfume,3,128.59,385.77
ORD-660324,2024-01-20,2024-01,7932,China,Toys,Puzzle,7,244.83,1713.81
ORD-722665,2024-01-12,2024-01,9300,Spain,Toys,Board Game,9,353.8,3184.2
ORD-146448,2024-01-22,2024-01,2392,Mexico,Clothing,Sneakers,10,183.95,1839.5
ORD-635482,2024-01-01,2024-01,7547,Canada,Sports,Bicycle Helmet,4,58.32,233.28
ORD-823975,2024-01-12,2024-01,9499,China,Automotive,Seat Cover,10,201.66,2016.6
ORD-190025,2024-01-16,2024-01,9199,USA,Food,Rice,7,14.93,104.51
ORD-646428,2024-01-11,2024-01,2901,France,Food,Rice,4,48.26,193.04
ORD-434400,2024-01-15,2024-01,8912,Canada,Sports,Jump Rope,8,363.78,2910.24
ORD-779445,2024-01-23,2024-01,2100,Spain,Home & Garden,Plant Pot,6,66.39,398.34
ORD-687044,2024-01-06,2024-01,2791,Brazil,Food,Olive Oil,6,57.43,344.58
ORD-771590,2024-01-13,2024-01,7985,Spain,Beauty,Lipstick,3,318.58,955.74
ORD-720970,2024-01-20,2024-01,8080,Italy,Toys,Board Game,8,442.72,3541.76
ORD-705393,2024-01-07,2024-01,8037,Italy,Toys,Board Game,2,110.83,221.66
ORD-375097,2024-01-11,2024-01,2667,Australia,Automotive,Air Freshener,2,106.57,213.14
ORD-219781,2024-01-13,2024-01,9019,India,Automotive,Phone Mount,10,309.54,3095.4
ORD-744333,2024-01-06,2024-01,6700,India,Sports,Jump Rope,5,408.73,2043.65
ORD-491439,2024-01-08,2024-01,2388,Canada,Food,Rice,3,34.01,102.03
ORD-543588,2024-01-20,2024-01,3316,Japan,Automotive,Wiper,7,77.55,542.85
ORD-296187,2024-01-06,2024-01,4043,Brazil,Beauty,Perfume,3,249.92,749.76
ORD-243167,2024-01-12,2024-01,6154,Netherlands,Beauty,Moisturizer,8,476.4,3811.2
ORD-612438,2024-01-22,2024-01,4196,Japan,Toys,Art Set,8,250.95,2007.6
ORD-388204,2024-01-25,2024-01,3740,Spain,Clothing,T-Shirt,1,118.06,118.06
ORD-676429,2024-01-25,2024-01,4683,UK,Automotive,Floor Mat,8,234.09,1872.72
ORD-668373,2024-01-25,2024-01,9369,France,Clothing,Jeans,6,276.12,1656.72
ORD-412170,2024-01-04,2024-01,1681,Japan,Beauty,Lipstick,4,370.63,1482.52
ORD-223088,2024-01-28,2024-01,1528,Australia,Beauty,Sunscreen,8,410.2,3281.6
ORD-274044,2024-01-23,2024-01,4882,Netherlands,Books,Dictionary,7,309.03,2163.21
ORD-394739,2024-01-02,2024-01,3281,Spain,Books,Biography,9,289.34,2604.06
ORD-999695,2024-01-10,2024-01,9827,Italy,Food,Rice,5,32.49,162.45
ORD-390794,2024-01-26,2024-01,9428,Spain,Clothing,Jacket,1,211.68,211.68
ORD-898462,2024-01-23,2024-01,3078,UK,Food,Olive Oil,4,35.6,142.4
ORD-493396,2024-01-21,2024-01,7434,India,Beauty,Perfume,7,141.67,991.69
ORD-576782,2024-01-17,2024-01,8405,Japan,Clothing,Jeans,6,377.4,2264.4
ORD-866437,2024-01-25,2024-01,8996,Netherlands,Sports,Yoga Mat,2,425.11,850.22
ORD-964915,2024-01-18,2024-01,8511,Spain,Sports,Dumbbells,7,204.88,1434.16
ORD-706007,2024-01-27,2024-01,4470,Australia,Beauty,Sunscreen,9,148.96,1340.64
ORD-148174,2024-01-11,2024-01,3139,Spain,Office Supplies,Envelope,1,448.14,448.14
ORD-100708,2024-01-28,2024-01,2631,Canada,Beauty,Moisturizer,8,87.41,699.28
ORD-197874,2024-01-21,2024-01,8009,Sweden,Books,Cookbook,5,157.91,789.55
ORD-154302,2024-01-22,2024-01,6905,Australia,Home & Garden,Candle,3,452.86,1358.58
ORD-101139,2024-01-21,2024-01,7493,Japan,Home & Garden,Vase,2,54.69,109.38
ORD-109738,2024-01-19,2024-01,4496,UK,Beauty,Shampoo,8,120.83,966.64
ORD-174268,2024-01-14,2024-01,1132,Netherlands,Sports,Dumbbells,8,350.08,2800.64
ORD-485416,2024-01-26,2024-01,4751,Italy,Toys,Puzzle,6,60.19,361.14
ORD-772741,2024-01-27,2024-01,5902,Spain,Food,Spices,3,76.55,229.65
ORD-857524,2024-01-21,2024-01,3340,India,Clothing,T-Shirt,6,90.42,542.52
ORD-190898,2024-01-22,2024-01,4490,India,Food,Spices,4,47.03,188.12
ORD-429780,2024-01-24,2024-01,2646,India,Food,Green Tea,7,41.48,290.36
ORD-729153,2024-01-03,2024-01,3290,Mexico,Books,Comic,10,131.6,1316.0
ORD-884170,2024-01-17,2024-01,5668,Germany,Electronics,Camera,4,1233.51,4934.04
ORD-504630,2024-01-26,2024-01,7418,Spain,Home & Garden,Plant Pot,8,477.79,3822.32
ORD-478638,2024-01-20,2024-01,2847,Mexico,Books,Journal,1,44.8,44.8
ORD-672896,2024-01-27,2024-01,6185,Netherlands,Food,Spices,6,59.0,354.0
ORD-326222,2024-01-19,2024-01,3830,USA,Beauty,Shampoo,5,43.09,215.45
ORD-904373,2024-01-10,2024-01,1652,Brazil,Electronics,Keyboard,9,1275.71,11481.39
ORD-260097,2024-01-21,2024-01,7806,Canada,Toys,Drone,10,272.92,2729.2
ORD-662445,2024-01-17,2024-01,5546,Canada,Clothing,Dress,3,461.25,1383.75
ORD-160718,2024-01-23,2024-01,6353,France,Toys,Puzzle,4,224.37,897.48
ORD-424314,2024-01-15,2024-01,5005,Canada,Clothing,Shorts,1,310.03,310.03
ORD-620526,2024-01-05,2024-01,3877,Italy,Clothing,T-Shirt,3,353.73,1061.19
ORD-868538,2024-01-12,2024-01,6680,UK,Automotive,Floor Mat,5,72.2,361.0
ORD-375722,2024-01-14,2024-01,2934,Spain,Electronics,Monitor,2,580.36,1160.72
ORD-274987,2024-01-12,2024-01,2262,Brazil,Beauty,Brush Set,10,37.17,371.7
ORD-339499,2024-01-04,2024-01,7024,Spain,Food,Pasta,2,89.96,179.92
ORD-594681,2024-01-28,2024-01,9336,Netherlands,Electronics,Laptop,1,73.96,73.96
ORD-335421,2024-01-28,2024-01,6963,UK,Toys,Lego Set,7,27.33,191.31
ORD-699298,2024-01-24,2024-01,6272,Sweden,Books,Travel Guide,2,166.77,333.54
ORD-520400,2024-01-08,2024-01,7108,UK,Clothing,T-Shirt,1,404.13,404.13
ORD-679958,2024-01-28,2024-01,2129,Spain,Beauty,Sunscreen,2,162.24,324.48
ORD-875501,2024-01-10,2024-01,8483,Germany,Electronics,Monitor,5,1149.42,5747.1
ORD-868043,2024-01-16,2024-01,4974,India,Beauty,Face Mask,4,498.92,1995.68
ORD-463251,2024-01-14,2024-01,9954,USA,Books,Cookbook,9,21.72,195.48
ORD-208998,2024-01-22,2024-01,1157,Spain,Sports,Yoga Mat,5,194.37,971.85
ORD-846221,2024-01-16,2024-01,4361,Japan,Automotive,Seat Cover,3,480.98,1442.94
ORD-533121,2024-01-08,2024-01,5584,Sweden,Clothing,T-Shirt,9,449.67,4047.03
ORD-178465,2024-01-04,2024-01,7102,India,Beauty,Shampoo,7,257.66,1803.62
ORD-939717,2024-01-10,2024-01,2020,Germany,Toys,Lego Set,6,137.89,827.34
ORD-242723,2024-01-09,2024-01,7438,China,Sports,Basketball,4,124.47,497.88
ORD-226601,2024-01-15,2024-01,2785,UK,Food,Green Tea,7,49.28,344.96
ORD-194813,2024-01-10,2024-01,9780,China,Sports,Water Bottle,2,237.04,474.08
ORD-195643,2024-01-27,2024-01,3582,Germany,Home & Garden,Plant Pot,3,429.72,1289.16
ORD-959926,2024-01-02,2024-01,5066,Brazil,Sports,Bicycle Helmet,5,341.82,1709.1
ORD-361989,2024-01-15,2024-01,3848,Netherlands,Electronics,Keyboard,9,1134.11,10206.99
ORD-164664,2024-01-26,2024-01,2551,Spain,Beauty,Shampoo,1,78.5,78.5
ORD-710610,2024-01-13,2024-01,4641,Netherlands,Food,Olive Oil,2,40.36,80.72
ORD-948611,2024-01-07,2024-01,5240,Canada,Clothing,T-Shirt,8,452.22,3617.76
ORD-276149,2024-01-02,2024-01,3110,Canada,Clothing,Hoodie,1,471.72,471.72
ORD-471136,2024-01-13,2024-01,8096,USA,Toys,Art Set,3,344.77,1034.31
ORD-743937,2024-01-15,2024-01,4517,France,Food,Pasta,1,88.93,88.93
ORD-393366,2024-01-18,2024-01,5026,Japan,Home & Garden,Clock,2,244.73,489.46
ORD-361250,2024-01-21,2024-01,7275,Germany,Food,Spices,9,89.04,801.36
ORD-919394,2024-01-23,2024-01,9907,Spain,Electronics,Keyboard,9,750.27,6752.43
ORD-726121,2024-01-09,2024-01,8940,Japan,Sports,Basketball,6,98.11,588.66
ORD-474795,2024-01-26,2024-01,4588,USA,Electronics,Camera,9,1983.49,17851.41
ORD-955937,2024-01-22,2024-01,4813,Germany,Food,Green Tea,9,27.91,251.19
ORD-284654,2024-01-27,2024-01,1916,Australia,Books,Travel Guide,3,495.86,1487.58
ORD-129576,2024-01-24,2024-01,4875,Spain,Office Supplies,Desk Organizer,10,351.84,3518.4
ORD-668458,2024-01-07,2024-01,6761,India,Office Supplies,Stapler,8,419.98,3359.84
ORD-329437,2024-01-03,2024-01,6063,USA,Food,Chocolate,10,10.34,103.4
ORD-945619,2024-01-11,2024-01,1326,USA,Automotive,Oil Filter,4,459.77,1839.08
ORD-162448,2024-01-26,2024-01,3137,Sweden,Sports,Running Shoes,6,423.7,2542.2
ORD-176054,2024-01-04,2024-01,1359,Spain,Food,Honey,6,85.42,512.52
ORD-867926,2024-01-10,2024-01,7120,Australia,Toys,Puzzle,3,168.08,504.24
ORD-925220,2024-01-23,2024-01,8157,UK,Beauty,Face Mask,10,484.68,4846.8
ORD-233534,2024-01-10,2024-01,6846,Japan,Books,Cookbook,5,369.66,1848.3
ORD-290926,2024-01-25,2024-01,3911,Netherlands,Electronics,Keyboard,1,1932.11,1932.11
ORD-247475,2024-01-19,2024-01,6213,Mexico,Office Supplies,Paper Clips,8,61.01,488.08
ORD-961574,2024-01-11,2024-01,6425,Australia,Clothing,Sneakers,2,92.26,184.52
ORD-467506,2024-01-07,2024-01,6500,France,Beauty,Moisturizer,2,132.28,264.56
ORD-274418,2024-01-13,2024-01,5205,USA,Clothing,T-Shirt,7,224.73,1573.11
ORD-927043,2024-01-18,2024-01,7783,Australia,Beauty,Nail Polish,8,193.92,1551.36
ORD-121053,2024-01-26,2024-01,4695,Canada,Food,Chocolate,5,85.35,426.75
ORD-268720,2024-01-11,2024-01,6221,Canada,Home & Garden,Candle,7,93.35,653.45
ORD-838726,2024-01-20,2024-01,2228,Australia,Automotive,Dash Camera,8,492.79,3942.32
ORD-447177,2024-01-14,2024-01,1507,India,Toys,Lego Set,2,86.98,173.96
ORD-378150,2024-01-18,2024-01,4367,Italy,Books,Travel Guide,9,363.8,3274.2
ORD-980651,2024-01-02,2024-01,5612,Canada,Home & Garden,Vase,9,202.52,1822.68
ORD-963918,2024-01-01,2024-01,9043,Australia,Food,Organic Coffee,5,45.62,228.1
ORD-185916,2024-01-07,2024-01,8869,USA,Books,Textbook,5,93.71,468.55
ORD-195563,2024-01-13,2024-01,8758,Spain,Clothing,Dress,5,240.76,1203.8
ORD-146784,2024-01-13,2024-01,9914,Australia,Toys,Lego Set,8,191.01,1528.08
ORD-164633,2024-01-08,2024-01,5313,France,Beauty,Brush Set,10,420.17,4201.7
ORD-893202,2024-01-12,2024-01,3476,Mexico,Clothing,Jeans,7,406.01,2842.07
ORD-661527,2024-01-13,2024-01,4727,Netherlands,Automotive,Car Charger,7,411.02,2877.14
ORD-626491,2024-01-10,2024-01,8779,China,Office Supplies,Paper Clips,1,48.69,48.69
ORD-322182,2024-01-25,2024-01,9467,Canada,Office Supplies,Stapler,3,230.03,690.09
ORD-311727,2024-01-03,2024-01,4157,Japan,Food,Organic Coffee,7,98.89,692.23
ORD-191254,2024-01-24,2024-01,3422,Australia,Office Supplies,Whiteboard,2,457.95,915.9
ORD-580412,2024-01-11,2024-01,7358,Brazil,Automotive,Wiper,9,429.75,3867.75
ORD-716493,2024-01-14,2024-01,1202,Canada,Office Supplies,Sticky Notes,10,83.32,833.2
ORD-530849,2024-01-10,2024-01,2641,Spain,Clothing,Jeans,6,435.06,2610.36
ORD-388792,2024-01-20,2024-01,5327,India,Toys,Art Set,3,241.79,725.37
ORD-824056,2024-01-13,2024-01,7602,USA,Food,Spices,6,89.51,537.06
ORD-454278,2024-01-09,2024-01,4892,Sweden,Electronics,Mouse,1,1799.21,1799.21
ORD-339030,2024-01-16,2024-01,5965,Netherlands,Home & Garden,Picture Frame,2,430.54,861.08
ORD-734366,2024-01-27,2024-01,3201,Spain,Home & Garden,Clock,7,167.23,1170.61
ORD-896386,2024-01-27,2024-01,2462,Germany,Books,Journal,8,209.51,1676.08
ORD-844037,2024-01-26,2024-01,9462,Brazil,Sports,Yoga Mat,5,87.9,439.5
ORD-130354,2024-01-28,2024-01,9303,Spain,Toys,Lego Set,10,266.9,2669.0
ORD-153015,2024-01-02,2024-01,3846,Netherlands,Books,Biography,8,132.25,1058.0
ORD-766275,2024-01-27,2024-01,6904,Australia,Books,Comic,7,237.47,1662.29
ORD-597635,2024-01-16,2024-01,3029,Australia,Electronics,Headphones,3,1208.39,3625.17
ORD-398916,2024-01-09,2024-01,6730,Netherlands,Sports,Running Shoes,2,376.99,753.98
ORD-998746,2024-01-28,2024-01,1449,UK,Toys,Board Game,4,290.41,1161.64
ORD-918207,2024-01-21,2024-01,4626,France,Books,Biography,1,210.66,210.66
ORD-334639,2024-01-06,2024-01,1145,Mexico,Beauty,Perfume,1,304.56,304.56
ORD-494763,2024-01-23,2024-01,5135,Italy,Office Supplies,Whiteboard,7,324.94,2274.58
ORD-964352,2024-01-15,2024-01,6713,Germany,Beauty,Sunscreen,9,158.05,1422.45
ORD-688730,2024-01-17,2024-01,7506,USA,Office Supplies,Notebook,6,499.72,2998.32
ORD-771712,2024-01-03,2024-01,5631,China,Home & Garden,Candle,5,174.78,873.9
ORD-297509,2024-01-23,2024-01,6327,Mexico,Home & Garden,Picture Frame,5,476.57,2382.85
ORD-523727,2024-01-02,2024-01,3456,Sweden,Automotive,Seat Cover,10,404.66,4046.6
ORD-538897,2024-01-16,2024-01,6236,Mexico,Food,Organic Coffee,5,99.76,498.8
ORD-459836,2024-01-23,2024-01,7628,India,Toys,Board Game,4,497.43,1989.72
ORD-986486,2024-01-22,2024-01,4643,Sweden,Automotive,Oil Filter,5,185.66,928.3
ORD-860413,2024-01-04,2024-01,3785,France,Automotive,Air Freshener,5,240.68,1203.4
ORD-540897,2024-01-12,2024-01,3999,Germany,Sports,Dumbbells,5,119.43,597.15
ORD-593393,2024-01-10,2024-01,6428,India,Sports,Tennis Racket,2,237.24,474.48
ORD-655575,2024-01-07,2024-01,1879,China,Office Supplies,Notebook,7,255.23,1786.61
ORD-459315,2024-01-28,2024-01,5888,Netherlands,Toys,Board Game,4,83.88,335.52
ORD-916779,2024-01-11,2024-01,7704,UK,Office Supplies,Envelope,3,432.57,1297.71
ORD-104942,2024-01-06,2024-01,2324,Mexico,Beauty,Face Mask,1,163.57,163.57
ORD-613358,2024-01-25,2024-01,8406,Spain,Home & Garden,Vase,3,92.62,277.86
ORD-501936,2024-01-14,2024-01,2442,Mexico,Food,Spices,8,43.32,346.56
ORD-893612,2024-01-12,2024-01,1076,Italy,Electronics,Headphones,6,1902.63,11415.78
ORD-337256,2024-01-01,2024-01,9700,Mexico,Books,Novel,4,317.08,1268.32
ORD-275133,2024-01-13,2024-01,6641,Canada,Home & Garden,Throw Blanket,5,256.63,1283.15
ORD-649577,2024-01-15,2024-01,2069,France,Electronics,Camera,10,1469.27,14692.7
ORD-272892,2024-01-16,2024-01,6535,Australia,Toys,Lego Set,4,186.03,744.12
ORD-869735,2024-01-24,2024-01,7609,Germany,Electronics,Headphones,4,1970.52,7882.08
ORD-493417,2024-01-12,2024-01,1359,Canada,Office Supplies,Stapler,1,358.44,358.44
ORD-150578,2024-01-02,2024-01,5190,India,Automotive,Car Charger,1,334.37,334.37
ORD-835962,2024-01-04,2024-01,2897,Japan,Toys,Art Set,8,278.17,2225.36
ORD-383091,2024-01-14,2024-01,3508,France,Books,Novel,9,334.22,3007.98
ORD-219550,2024-01-24,2024-01,3247,Brazil,Toys,Puzzle,5,312.67,1563.35
ORD-311469,2024-01-07,2024-01,2741,India,Beauty,Lipstick,9,391.2,3520.8
ORD-821634,2024-01-02,2024-01,6864,UK,Toys,Plush Toy,4,278.59,1114.36
ORD-975804,2024-01-01,2024-01,8875,USA,Sports,Water Bottle,2,339.1,678.2
ORD-368322,2024-01-17,2024-01,9095,Spain,Food,Green Tea,2,12.13,24.26
ORD-141360,2024-01-15,2024-01,4787,France,Beauty,Sunscreen,3,34.54,103.62
ORD-110142,2024-01-24,2024-01,5760,Japan,Sports,Basketball,1,66.79,66.79
ORD-868677,2024-01-15,2024-01,3267,Australia,Food,Rice,5,95.73,478.65
ORD-385037,2024-01-04,2024-01,2522,UK,Sports,Basketball,8,206.38,1651.04
ORD-829987,2024-01-26,2024-01,7319,Mexico,Beauty,Nail Polish,3,91.72,275.16
ORD-811346,2024-01-19,2024-01,1960,Japan,Food,Green Tea,10,50.85,508.5
ORD-606545,2024-01-12,2024-01,8178,Spain,Food,Spices,3,63.08,189.24
ORD-112960,2024-01-02,2024-01,8997,China,Clothing,Shorts,6,41.03,246.18
ORD-821673,2024-01-28,2024-01,9598,Mexico,Office Supplies,Paper Clips,9,175.77,1581.93
ORD-255875,2024-01-12,2024-01,2560,China,Toys,Action Figure,7,335.22,2346.54
ORD-273438,2024-01-28,2024-01,1894,Brazil,Electronics,Tablet,8,965.11,7720.88
ORD-631553,2024-01-11,2024-01,2226,Germany,Beauty,Face Mask,1,485.37,485.37
ORD-565765,2024-01-27,2024-01,4648,Japan,Automotive,Wiper,8,125.15,1001.2
ORD-881439,2024-01-11,2024-01,8341,China,Clothing,Scarf,8,68.17,545.36
ORD-966028,2024-01-02,2024-01,1291,Japan,Clothing,Shorts,1,282.99,282.99
ORD-457411,2024-01-17,2024-01,2489,Sweden,Office Supplies,Whiteboard,8,285.54,2284.32
ORD-729094,2024-01-15,2024-01,6953,Netherlands,Electronics,Headphones,10,697.35,6973.5
ORD-102303,2024-01-04,2024-01,8751,Canada,Sports,Jump Rope,4,382.07,1528.28
ORD-148001,2024-01-17,2024-01,6592,Brazil,Sports,Tennis Racket,2,193.21,386.42
ORD-212157,2024-01-23,2024-01,3689,Netherlands,Beauty,Perfume,7,373.83,2616.81
ORD-326061,2024-01-04,2024-01,5166,Germany,Office Supplies,Paper Clips,7,465.81,3260.67
ORD-229204,2024-01-25,2024-01,8488,Canada,Books,Dictionary,10,213.09,2130.9
ORD-680099,2024-01-01,2024-01,8381,China,Beauty,Perfume,1,269.88,269.88
ORD-825423,2024-01-17,2024-01,8091,Sweden,Office Supplies,Envelope,3,392.73,1178.19
ORD-628597,2024-01-22,2024-01,3845,Japan,Food,Green Tea,6,62.05,372.3
ORD-574843,2024-01-13,2024-01,7302,France,Toys,Action Figure,5,482.16,2410.8
ORD-413433,2024-01-23,2024-01,3185,India,Food,Spices,9,89.21,802.89
ORD-819964,2024-01-07,2024-01,9975,Germany,Sports,Water Bottle,5,315.84,1579.2
ORD-844858,2024-01-18,2024-01,6657,Brazil,Food,Honey,6,70.96,425.76
ORD-806995,2024-01-19,2024-01,2890,India,Sports,Jump Rope,7,471.91,3303.37
ORD-499371,2024-01-01,2024-01,9747,Spain,Home & Garden,Lamp,1,266.14,266.14
ORD-400538,2024-01-09,2024-01,3381,Germany,Electronics,Laptop,3,1512.86,4538.58
ORD-133875,2024-01-26,2024-01,5105,Italy,Food,Organic Coffee,9,33.04,297.36
ORD-335203,2024-01-28,2024-01,6876,India,Beauty,Shampoo,9,341.01,3069.09
ORD-506380,2024-01-22,2024-01,7371,Italy,Books,Comic,7,33.02,231.14
ORD-918859,2024-01-24,2024-01,7825,USA,Sports,Yoga Mat,10,133.16,1331.6
ORD-306012,2024-01-19,2024-01,8259,Spain,Books,Dictionary,10,277.84,2778.4
ORD-870786,2024-01-22,2024-01,4170,UK,Home & Garden,Clock,3,46.49,139.47
ORD-236384,2024-01-14,2024-01,9418,USA,Clothing,Shorts,5,146.77,733.85
ORD-141880,2024-01-11,2024-01,3636,USA,Office Supplies,Whiteboard,3,238.5,715.5
ORD-614379,2024-01-21,2024-01,3518,Spain,Sports,Yoga Mat,5,311.65,1558.25
ORD-171488,2024-01-08,2024-01,6866,Brazil,Clothing,Hoodie,9,478.92,4310.28
ORD-331942,2024-01-18,2024-01,9276,Brazil,Food,Spices,6,43.32,259.92
ORD-656268,2024-01-10,2024-01,4495,Australia,Sports,Basketball,10,117.04,1170.4
ORD-773462,2024-01-22,2024-01,8780,Canada,Automotive,Car Charger,4,179.54,718.16
ORD-369054,2024-01-26,2024-01,4994,Japan,Electronics,Monitor,7,1892.73,13249.11
ORD-639292,2024-01-17,2024-01,9851,Sweden,Home & Garden,Plant Pot,6,412.83,2476.98
ORD-435872,2024-01-10,2024-01,9335,USA,Beauty,Brush Set,4,450.16,1800.64
ORD-757386,2024-01-25,2024-01,9419,UK,Clothing,Jeans,1,273.61,273.61
ORD-315565,2024-01-22,2024-01,2072,Netherlands,Books,Biography,2,217.86,435.72
ORD-851690,2024-01-22,2024-01,9810,Italy,Toys,Puzzle,8,85.34,682.72
ORD-685193,2024-01-02,2024-01,6434,Canada,Electronics,Smartphone,5,397.08,1985.4
ORD-760830,2024-01-09,2024-01,2154,Sweden,Office Supplies,Paper Clips,8,209.74,1677.92
ORD-106185,2024-01-13,2024-01,7626,USA,Toys,Card Game,9,339.92,3059.28
ORD-211291,2024-01-28,2024-01,2036,Italy,Office Supplies,Pen,9,45.57,410.13
ORD-514306,2024-01-25,2024-01,5748,France,Home & Garden,Candle,7,464.08,3248.56
ORD-935474,2024-01-08,2024-01,1504,Brazil,Beauty,Perfume,7,76.83,537.81
ORD-111691,2024-01-22,2024-01,9941,France,Home & Garden,Throw Blanket,6,444.62,2667.72
ORD-674122,2024-01-19,2024-01,3316,USA,Clothing,T-Shirt,9,302.36,2721.24
ORD-322022,2024-01-24,2024-01,2394,Italy,Home & Garden,Vase,6,452.74,2716.44
ORD-303765,2024-01-06,2024-01,7760,UK,Automotive,Air Freshener,5,118.19,590.95
ORD-583671,2024-01-25,2024-01,2877,Netherlands,Food,Organic Coffee,9,93.58,842.22
ORD-610856,2024-01-04,2024-01,2198,France,Home & Garden,Candle,10,106.73,1067.3
ORD-749609,2024-01-21,2024-01,6420,Mexico,Sports,Running Shoes,5,124.92,624.6
ORD-827143,2024-01-15,2024-01,2143,China,Books,Dictionary,5,170.89,854.45
ORD-105066,2024-01-11,2024-01,3496,Spain,Office Supplies,Desk Organizer,3,479.74,1439.22
ORD-980919,2024-01-24,2024-01,6131,Italy,Books,Biography,5,324.01,1620.05
ORD-912402,2024-01-16,2024-01,6889,Sweden,Food,Rice,6,48.97,293.82
ORD-966589,2024-01-21,2024-01,6004,UK,Beauty,Shampoo,5,307.25,1536.25
ORD-862760,2024-01-24,2024-01,3293,France,Automotive,Seat Cover,2,444.3,888.6
ORD-323095,2024-01-19,2024-01,2235,Netherlands,Electronics,Laptop,10,1178.86,11788.6
ORD-483588,2024-01-18,2024-01,1600,Brazil,Automotive,Floor Mat,3,241.33,723.99
ORD-516059,2024-01-15,2024-01,7430,UK,Books,Comic,2,255.55,511.1
ORD-817395,2024-01-08,2024-01,6961,Mexico,Automotive,Car Charger,10,425.51,4255.1
ORD-791444,2024-03-06,2024-03,9423,UK,Food,Chocolate,10,58.8,588.0
ORD-165914,2024-03-08,2024-03,3395,USA,Beauty,Face Mask,4,383.12,1532.48
ORD-506945,2024-03-22,2024-03,5331,USA,Sports,Water Bottle,6,111.32,667.92
ORD-764343,2024-03-21,2024-03,8695,USA,Beauty,Moisturizer,9,168.79,1519.11
ORD-785073,2024-03-21,2024-03,5480,Japan,Home & Garden,Throw Blanket,10,195.47,1954.7
ORD-956934,2024-03-08,2024-03,2275,Japan,Automotive,Floor Mat,6,263.02,1578.12
ORD-561267,2024-03-20,2024-03,6653,Sweden,Beauty,Brush Set,3,13.23,39.69
ORD-295984,2024-03-21,2024-03,3713,Brazil,Books,Textbook,3,147.6,442.8
ORD-855242,2024-03-08,2024-03,3578,Mexico,Sports,Dumbbells,6,213.16,1278.96
ORD-123536,2024-03-07,2024-03,2856,China,Beauty,Brush Set,7,299.49,2096.43
ORD-141094,2024-03-19,2024-03,4992,India,Electronics,Tablet,9,364.2,3277.8
ORD-728471,2024-03-06,2024-03,3406,France,Electronics,Tablet,7,1057.45,7402.15
ORD-605065,2024-03-15,2024-03,1305,Germany,Home & Garden,Candle,8,307.2,2457.6
ORD-753484,2024-03-05,2024-03,3794,India,Books,Travel Guide,3,399.36,1198.08
ORD-725510,2024-03-22,2024-03,9369,Italy,Home & Garden,Throw Blanket,8,177.91,1423.28
ORD-648102,2024-03-05,2024-03,2127,Japan,Books,Travel Guide,4,63.2,252.8
ORD-728950,2024-03-04,2024-03,9263,India,Toys,Lego Set,10,96.94,969.4
ORD-665482,2024-03-16,2024-03,1639,Canada,Automotive,Dash Camera,10,333.1,3331.0
ORD-549793,2024-03-28,2024-03,1019,Australia,Toys,Drone,9,31.28,281.52
ORD-202463,2024-03-19,2024-03,4759,Australia,Beauty,Nail Polish,10,404.26,4042.6
ORD-397026,2024-03-25,2024-03,7971,China,Food,Pasta,2,27.09,54.18
ORD-706063,2024-03-01,2024-03,9908,Germany,Toys,Plush Toy,1,357.48,357.48
ORD-528705,2024-03-21,2024-03,9561,Japan,Clothing,T-Shirt,6,110.66,663.96
ORD-996508,2024-03-21,2024-03,6935,Japan,Clothing,Jacket,5,296.83,1484.15
ORD-891645,2024-03-09,2024-03,9783,India,Toys,Card Game,7,495.98,3471.86
ORD-366105,2024-03-12,2024-03,4337,UK,Toys,Art Set,8,283.96,2271.68
ORD-996531,2024-03-23,2024-03,6024,Spain,Office Supplies,Desk Organizer,3,205.08,615.24
ORD-324875,2024-03-23,2024-03,2951,Spain,Books,Journal,2,475.13,950.26
ORD-268546,2024-03-18,2024-03,9328,Spain,Toys,Card Game,1,310.87,310.87
ORD-556526,2024-03-05,2024-03,7375,Netherlands,Electronics,Smartphone,10,969.75,9697.5
ORD-859687,2024-03-12,2024-03,2444,Germany,Clothing,Dress,1,49.22,49.22
ORD-771394,2024-03-20,2024-03,7296,Italy,Toys,Plush Toy,3,38.16,114.48
ORD-399899,2024-03-28,2024-03,9099,Germany,Beauty,Moisturizer,9,331.87,2986.83
ORD-350878,2024-03-06,2024-03,4190,India,Electronics,Headphones,6,1364.35,8186.1
ORD-525146,2024-03-25,2024-03,1004,France,Food,Green Tea,7,42.95,300.65
ORD-676289,2024-03-23,2024-03,4281,Italy,Automotive,Car Charger,2,43.62,87.24
ORD-303974,2024-03-27,2024-03,5661,Australia,Automotive,Phone Mount,10,145.49,1454.9
ORD-685766,2024-03-06,2024-03,8450,France,Toys,Board Game,2,209.5,419.0
ORD-664032,2024-03-04,2024-03,2185,Australia,Automotive,Floor Mat,5,403.44,2017.2
ORD-913274,2024-03-16,2024-03,5098,India,Beauty,Nail Polish,6,387.28,2323.68
ORD-764442,2024-03-04,2024-03,8517,China,Beauty,Moisturizer,7,136.33,954.31
ORD-834861,2024-03-12,2024-03,4610,Japan,Books,Dictionary,1,263.09,263.09
ORD-179721,2024-03-13,2024-03,5314,Canada,Books,Comic,6,340.11,2040.66
ORD-291663,2024-03-07,2024-03,3924,Australia,Beauty,Face Mask,5,448.21,2241.05
ORD-316823,2024-03-24,2024-03,4115,Germany,Beauty,Lipstick,5,128.61,643.05
ORD-225701,2024-03-20,2024-03,4755,Netherlands,Books,Biography,2,184.45,368.9
ORD-989203,2024-03-28,2024-03,2285,Spain,Beauty,Moisturizer,1,275.32,275.32
ORD-291755,2024-03-19,2024-03,8901,China,Sports,Basketball,8,435.7,3485.6
ORD-651273,2024-03-25,2024-03,9374,Germany,Home & Garden,Lamp,1,292.57,292.57
ORD-579404,2024-03-12,2024-03,7933,Brazil,Beauty,Moisturizer,3,202.92,608.76
ORD-497859,2024-03-23,2024-03,2972,Australia,Automotive,Oil Filter,4,14.13,56.52
ORD-375617,2024-03-28,2024-03,2650,India,Sports,Basketball,9,137.25,1235.25
ORD-544536,2024-03-11,2024-03,4885,India,Home & Garden,Clock,8,189.3,1514.4
ORD-288627,2024-03-28,2024-03,4449,Australia,Toys,Card Game,8,206.29,1650.32
ORD-682316,2024-03-04,2024-03,3148,Netherlands,Office Supplies,Paper Clips,4,363.2,1452.8
ORD-595962,2024-03-26,2024-03,8081,UK,Toys,Action Figure,3,479.98,1439.94
ORD-659921,2024-03-05,2024-03,1159,China,Food,Spices,9,99.58,896.22
ORD-517754,2024-03-18,2024-03,6172,France,Beauty,Sunscreen,1,430.67,430.67
ORD-571706,2024-03-27,2024-03,2621,Germany,Food,Organic Coffee,2,29.16,58.32
ORD-460857,2024-03-18,2024-03,6483,Australia,Home & Garden,Cushion,5,283.17,1415.85
ORD-308622,2024-03-28,2024-03,1324,Australia,Toys,Puzzle,10,343.0,3430.0
ORD-912378,2024-03-11,2024-03,9821,Australia,Food,Pasta,8,68.95,551.6
ORD-275715,2024-03-10,2024-03,8322,India,Clothing,Shorts,3,237.24,711.72
ORD-339303,2024-03-03,2024-03,6527,Netherlands,Toys,Drone,6,48.76,292.56
ORD-384424,2024-03-09,2024-03,6136,Italy,Sports,Tennis Racket,7,306.64,2146.48
ORD-231113,2024-03-06,2024-03,8289,Japan,Sports,Jump Rope,1,100.1,100.1
ORD-166891,2024-03-06,2024-03,4844,Germany,Home & Garden,Candle,2,204.55,409.1
ORD-208976,2024-03-25,2024-03,8752,USA,Automotive,Car Charger,2,204.54,409.08
ORD-424398,2024-03-21,2024-03,5300,Canada,Office Supplies,Stapler,7,466.48,3265.36
ORD-979249,2024-03-21,2024-03,4757,China,Books,Comic,9,71.94,647.46
ORD-599284,2024-03-12,2024-03,3795,Mexico,Electronics,Laptop,6,1727.72,10366.32
ORD-285636,2024-03-15,2024-03,8654,Brazil,Automotive,Floor Mat,9,76.21,685.89
ORD-464032,2024-03-21,2024-03,8480,Brazil,Office Supplies,Sticky Notes,5,323.37,1616.85
ORD-532227,2024-03-03,2024-03,8891,Spain,Automotive,Seat Cover,6,226.51,1359.06
ORD-460589,2024-03-01,2024-03,5256,USA,Food,Pasta,3,54.72,164.16
ORD-414164,2024-03-16,2024-03,5698,Italy,Beauty,Moisturizer,8,474.01,3792.08
ORD-491794,2024-03-08,2024-03,1149,India,Toys,Plush Toy,9,400.42,3603.78
ORD-968668,2024-03-08,2024-03,4089,Japan,Toys,Drone,7,90.0,630.0
ORD-901676,2024-03-14,2024-03,7199,Canada,Books,Comic,9,316.41,2847.69
ORD-243260,2024-03-07,2024-03,5454,Japan,Home & Garden,Picture Frame,3,428.21,1284.63
ORD-615895,2024-03-15,2024-03,5744,India,Clothing,Scarf,10,143.35,1433.5
ORD-294969,2024-03-02,2024-03,4076,UK,Sports,Yoga Mat,1,485.16,485.16
ORD-344119,2024-03-23,2024-03,2675,UK,Home & Garden,Picture Frame,1,224.82,224.82
ORD-923892,2024-03-07,2024-03,2477,China,Food,Organic Coffee,5,37.48,187.4
ORD-984522,2024-03-26,2024-03,9165,Italy,Sports,Jump Rope,2,25.55,51.1
ORD-290425,2024-03-13,2024-03,3393,Spain,Electronics,Camera,8,189.2,1513.6
ORD-503489,2024-03-01,2024-03,4148,Netherlands,Home & Garden,Lamp,4,69.76,279.04
ORD-646453,2024-03-15,2024-03,8257,Germany,Books,Novel,2,370.31,740.62
ORD-759726,2024-03-10,2024-03,4415,Mexico,Beauty,Nail Polish,3,468.75,1406.25
ORD-477934,2024-03-16,2024-03,1691,France,Automotive,Dash Camera,4,322.87,1291.48
ORD-275490,2024-03-21,2024-03,1853,Germany,Books,Textbook,1,222.74,222.74
ORD-709303,2024-03-26,2024-03,5523,Japan,Office Supplies,Notebook,1,129.11,129.11
ORD-624203,2024-03-25,2024-03,8786,Australia,Office Supplies,Stapler,3,53.85,161.55
ORD-472787,2024-03-25,2024-03,2497,Sweden,Office Supplies,Desk Organizer,1,316.31,316.31
ORD-926867,2024-03-16,2024-03,3521,UK,Automotive,Dash Camera,9,124.01,1116.09
ORD-362874,2024-03-23,2024-03,6690,USA,Beauty,Lipstick,3,195.11,585.33
ORD-298994,2024-03-10,2024-03,1646,Brazil,Beauty,Brush Set,8,275.94,2207.52
ORD-681456,2024-03-24,2024-03,4057,Australia,Automotive,Phone Mount,10,239.51,2395.1
ORD-484945,2024-03-10,2024-03,3627,China,Clothing,Jacket,9,411.52,3703.68
ORD-998450,2024-03-06,2024-03,8439,Italy,Electronics,Keyboard,10,1771.72,17717.2
ORD-958835,2024-03-24,2024-03,6965,Australia,Office Supplies,Paper Clips,9,41.04,369.36
ORD-438270,2024-03-18,2024-03,7348,Spain,Books,Journal,5,85.52,427.6
ORD-975763,2024-03-17,2024-03,7714,Canada,Sports,Dumbbells,1,332.86,332.86
ORD-133362,2024-03-04,2024-03,3126,Germany,Food,Organic Coffee,2,51.11,102.22
ORD-113721,2024-03-12,2024-03,7366,USA,Beauty,Sunscreen,2,118.15,236.3
ORD-685126,2024-03-26,2024-03,4419,China,Beauty,Shampoo,6,323.07,1938.42
ORD-869969,2024-03-20,2024-03,7814,Netherlands,Sports,Yoga Mat,1,140.25,140.25
ORD-657487,2024-03-17,2024-03,2153,Germany,Home & Garden,Candle,4,57.59,230.36
ORD-685549,2024-03-22,2024-03,7313,Brazil,Books,Biography,3,131.89,395.67
ORD-209159,2024-03-15,2024-03,7802,Mexico,Clothing,Hoodie,7,354.25,2479.75
ORD-729057,2024-03-11,2024-03,3733,Brazil,Food,Spices,9,67.47,607.23
ORD-901305,2024-03-11,2024-03,8258,Brazil,Sports,Basketball,7,423.98,2967.86
ORD-880746,2024-03-18,2024-03,8054,India,Sports,Water Bottle,9,114.82,1033.38
ORD-398301,2024-03-13,2024-03,5162,China,Sports,Jump Rope,1,10.1,10.1
ORD-325258,2024-03-10,2024-03,1267,Sweden,Automotive,Air Freshener,4,13.22,52.88
ORD-699378,2024-03-18,2024-03,6159,Sweden,Electronics,Camera,10,1046.98,10469.8
ORD-484914,2024-03-12,2024-03,3534,China,Clothing,T-Shirt,5,86.49,432.45
ORD-696707,2024-03-10,2024-03,5093,Spain,Books,Comic,7,55.03,385.21
ORD-959324,2024-03-16,2024-03,4562,Spain,Clothing,Hoodie,10,94.72,947.2
ORD-182289,2024-03-24,2024-03,2562,USA,Office Supplies,Whiteboard,7,406.09,2842.63
ORD-907812,2024-03-27,2024-03,1916,Sweden,Sports,Basketball,2,222.81,445.62
ORD-419588,2024-03-25,2024-03,4714,Mexico,Office Supplies,Pen,1,319.77,319.77
ORD-831663,2024-03-19,2024-03,9591,Brazil,Electronics,Monitor,9,341.68,3075.12
ORD-889410,2024-03-24,2024-03,4617,Mexico,Food,Organic Coffee,8,99.75,798.0
ORD-238610,2024-03-10,2024-03,9269,Japan,Clothing,Sneakers,3,395.32,1185.96
ORD-375311,2024-03-24,2024-03,6507,India,Clothing,Scarf,7,34.16,239.12
ORD-604283,2024-03-23,2024-03,2393,Spain,Toys,Drone,3,73.88,221.64
ORD-871403,2024-03-19,2024-03,4245,Mexico,Beauty,Nail Polish,10,106.09,1060.9
ORD-817999,2024-03-09,2024-03,9589,Canada,Books,Biography,6,390.62,2343.72
ORD-461260,2024-03-12,2024-03,2467,Japan,Clothing,Shorts,6,180.67,1084.02
ORD-753453,2024-03-20,2024-03,1396,Australia,Home & Garden,Throw Blanket,8,412.58,3300.64
ORD-263568,2024-03-27,2024-03,3389,Sweden,Beauty,Moisturizer,6,124.41,746.46
ORD-114400,2024-03-20,2024-03,2405,Germany,Clothing,T-Shirt,5,464.1,2320.5
ORD-875959,2024-03-16,2024-03,6624,China,Clothing,Dress,4,21.15,84.6
ORD-606489,2024-03-17,2024-03,9814,Brazil,Books,Biography,9,377.67,3399.03
ORD-278593,2024-03-22,2024-03,3315,India,Electronics,Keyboard,5,1077.26,5386.3
ORD-587546,2024-03-23,2024-03,1984,Spain,Home & Garden,Vase,1,312.8,312.8
ORD-213132,2024-03-09,2024-03,1136,Mexico,Clothing,Shorts,6,334.86,2009.16
ORD-430779,2024-03-13,2024-03,1312,Germany,Home & Garden,Lamp,2,259.18,518.36
ORD-687923,2024-03-07,2024-03,8940,UK,Office Supplies,Notebook,8,255.32,2042.56
ORD-512509,2024-03-17,2024-03,1352,Sweden,Electronics,Headphones,8,644.61,5156.88
ORD-347678,2024-03-12,2024-03,3572,Mexico,Electronics,Monitor,5,742.99,3714.95
ORD-681896,2024-03-09,2024-03,9212,Mexico,Home & Garden,Plant Pot,1,440.55,440.55
ORD-865344,2024-03-13,2024-03,5590,Australia,Books,Cookbook,2,331.9,663.8
ORD-427557,2024-03-08,2024-03,7262,Japan,Automotive,Seat Cover,7,290.72,2035.04
ORD-817276,2024-03-21,2024-03,6395,Germany,Beauty,Perfume,9,77.9,701.1
ORD-550955,2024-03-23,2024-03,4314,Italy,Food,Pasta,3,90.37,271.11
ORD-293079,2024-03-03,2024-03,3378,Australia,Office Supplies,Stapler,2,283.1,566.2
ORD-531228,2024-03-11,2024-03,6203,Spain,Food,Organic Coffee,7,88.61,620.27
ORD-293720,2024-03-25,2024-03,5970,UK,Beauty,Sunscreen,3,102.09,306.27
ORD-343461,2024-03-19,2024-03,1429,India,Office Supplies,Whiteboard,10,310.06,3100.6
ORD-626725,2024-03-23,2024-03,4783,Canada,Electronics,Monitor,3,1570.66,4711.98
ORD-271742,2024-03-13,2024-03,8680,Netherlands,Sports,Running Shoes,3,250.81,752.43
ORD-533108,2024-03-25,2024-03,4166,Japan,Books,Novel,5,484.72,2423.6
ORD-747033,2024-03-06,2024-03,4646,Canada,Books,Biography,8,464.28,3714.24
ORD-737460,2024-03-08,2024-03,9027,Sweden,Sports,Jump Rope,1,219.5,219.5
ORD-650744,2024-03-24,2024-03,7232,India,Sports,Bicycle Helmet,9,290.25,2612.25
ORD-357657,2024-03-15,2024-03,1630,China,Automotive,Dash Camera,1,415.23,415.23
ORD-902328,2024-03-02,2024-03,9498,Italy,Automotive,Wiper,9,283.27,2549.43
ORD-583757,2024-03-13,2024-03,1807,China,Books,Comic,5,443.35,2216.75
ORD-586097,2024-03-02,2024-03,3727,India,Toys,Plush Toy,3,348.08,1044.24
ORD-241879,2024-03-25,2024-03,8400,UK,Clothing,Jeans,9,296.87,2671.83
ORD-847251,2024-03-01,2024-03,7440,China,Toys,Card Game,10,97.65,976.5
ORD-853270,2024-03-11,2024-03,4308,France,Beauty,Shampoo,3,348.94,1046.82
ORD-649262,2024-03-15,2024-03,3024,Italy,Clothing,Jeans,2,320.7,641.4
ORD-451475,2024-03-18,2024-03,7292,Japan,Automotive,Air Freshener,3,196.5,589.5
ORD-423026,2024-03-25,2024-03,3459,UK,Food,Honey,7,72.64,508.48
ORD-312705,2024-03-06,2024-03,6071,Mexico,Beauty,Sunscreen,3,67.6,202.8
ORD-669902,2024-03-15,2024-03,1057,USA,Office Supplies,Whiteboard,8,253.84,2030.72
ORD-575779,2024-03-07,2024-03,1094,Germany,Office Supplies,Envelope,8,298.54,2388.32
ORD-391622,2024-03-20,2024-03,7719,India,Beauty,Shampoo,9,13.22,118.98
ORD-252436,2024-03-02,2024-03,4401,UK,Electronics,Tablet,1,1323.89,1323.89
ORD-286906,2024-03-03,2024-03,1531,Australia,Office Supplies,Whiteboard,7,34.03,238.21
ORD-197649,2024-03-24,2024-03,3643,China,Home & Garden,Throw Blanket,1,293.69,293.69
ORD-984274,2024-03-13,2024-03,5903,Sweden,Sports,Basketball,7,411.93,2883.51
ORD-445200,2024-03-04,2024-03,2063,UK,Home & Garden,Clock,5,350.36,1751.8
ORD-699121,2024-03-07,2024-03,9635,Italy,Toys,Action Figure,2,309.91,619.82
ORD-547798,2024-03-23,2024-03,9666,Italy,Clothing,Scarf,5,306.34,1531.7
ORD-644951,2024-03-05,2024-03,6185,Sweden,Home & Garden,Cushion,8,311.0,2488.0
ORD-302957,2024-03-20,2024-03,9154,Sweden,Beauty,Perfume,5,124.03,620.15
ORD-938403,2024-03-21,2024-03,1025,China,Clothing,T-Shirt,4,400.4,1601.6
ORD-111846,2024-03-12,2024-03,7793,Australia,Toys,Board Game,4,284.6,1138.4
ORD-676710,2024-03-03,2024-03,4296,Spain,Home & Garden,Picture Frame,9,160.81,1447.29
ORD-745915,2024-03-11,2024-03,6307,Mexico,Electronics,Smartphone,10,715.66,7156.6
ORD-597549,2024-03-27,2024-03,1477,Australia,Food,Olive Oil,8,37.1,296.8
ORD-451387,2024-03-21,2024-03,1582,UK,Food,Chocolate,9,48.76,438.84
ORD-682145,2024-03-17,2024-03,8577,Netherlands,Toys,Board Game,6,156.68,940.08
ORD-169429,2024-03-22,2024-03,9779,India,Electronics,Headphones,6,696.85,4181.1
ORD-698717,2024-03-13,2024-03,3446,Australia,Home & Garden,Plant Pot,3,316.99,950.97
ORD-844321,2024-03-26,2024-03,7382,Netherlands,Food,Green Tea,6,76.4,458.4
ORD-573858,2024-03-16,2024-03,1518,Canada,Home & Garden,Lamp,6,439.75,2638.5
ORD-915572,2024-03-04,2024-03,5958,UK,Books,Comic,1,193.37,193.37
ORD-261562,2024-03-01,2024-03,4311,Brazil,Clothing,Scarf,9,401.52,3613.68
ORD-250255,2024-03-28,2024-03,4116,Italy,Sports,Jump Rope,6,266.58,1599.48
ORD-848344,2024-03-24,2024-03,2609,Germany,Automotive,Air Freshener,7,27.91,195.37
ORD-191305,2024-03-02,2024-03,9558,France,Clothing,T-Shirt,10,346.66,3466.6
ORD-123572,2024-03-17,2024-03,6460,Canada,Beauty,Moisturizer,5,385.43,1927.15
ORD-434652,2024-03-07,2024-03,6114,Germany,Books,Dictionary,9,150.42,1353.78
ORD-753205,2024-03-06,2024-03,8227,UK,Clothing,Dress,1,144.08,144.08
ORD-248433,2024-03-12,2024-03,9422,Brazil,Clothing,Sneakers,5,279.19,1395.95
ORD-666836,2024-03-03,2024-03,5641,UK,Office Supplies,Paper Clips,6,162.58,975.48
ORD-211072,2024-03-16,2024-03,8268,USA,Electronics,Tablet,1,1811.42,1811.42
ORD-721549,2024-03-13,2024-03,7284,Japan,Electronics,Smartphone,10,399.02,3990.2
ORD-182361,2024-03-11,2024-03,8304,France,Office Supplies,Desk Organizer,9,410.55,3694.95
ORD-201987,2024-03-27,2024-03,8629,Canada,Office Supplies,Stapler,8,403.15,3225.2
ORD-746910,2024-03-08,2024-03,8464,China,Home & Garden,Clock,3,474.25,1422.75
ORD-927094,2024-03-23,2024-03,5227,UK,Sports,Bicycle Helmet,6,459.46,2756.76
ORD-601903,2024-03-03,2024-03,6320,USA,Beauty,Brush Set,6,242.91,1457.46
ORD-632623,2024-03-12,2024-03,8556,Spain,Food,Pasta,3,62.42,187.26
ORD-658624,2024-03-18,2024-03,2686,Australia,Toys,Puzzle,5,328.23,1641.15
ORD-605806,2024-03-20,2024-03,8552,Germany,Toys,Drone,3,129.41,388.23
ORD-922412,2024-03-27,2024-03,7288,Germany,Clothing,Hoodie,7,350.09,2450.63
ORD-875282,2024-03-23,2024-03,8132,Brazil,Office Supplies,Desk Organizer,2,125.72,251.44
ORD-284731,2024-03-18,2024-03,8972,Australia,Clothing,Scarf,8,57.85,462.8
ORD-908812,2024-03-04,2024-03,6046,India,Toys,Puzzle,10,345.9,3459.0
ORD-956721,2024-03-22,2024-03,7208,Mexico,Sports,Jump Rope,4,40.13,160.52
ORD-657062,2024-03-05,2024-03,3276,Spain,Office Supplies,Pen,8,333.83,2670.64
ORD-414295,2024-03-07,2024-03,5775,Germany,Toys,Art Set,6,343.94,2063.64
ORD-523831,2024-03-19,2024-03,5989,Canada,Toys,Card Game,9,13.98,125.82
ORD-837520,2024-03-18,2024-03,3089,Australia,Home & Garden,Plant Pot,1,484.27,484.27
ORD-513420,2024-03-01,2024-03,6885,Netherlands,Clothing,Dress,10,125.27,1252.7
ORD-597938,2024-03-14,2024-03,6212,Japan,Toys,Drone,3,277.11,831.33
ORD-402483,2024-03-12,2024-03,3278,Netherlands,Books,Travel Guide,3,421.58,1264.74
ORD-789886,2024-03-21,2024-03,3056,Canada,Food,Organic Coffee,8,6.49,51.92
ORD-927251,2024-03-21,2024-03,8155,UK,Food,Green Tea,8,81.56,652.48
ORD-503402,2024-03-17,2024-03,7974,China,Office Supplies,Stapler,8,217.82,1742.56
ORD-987938,2024-03-20,2024-03,6821,Japan,Books,Cookbook,8,13.64,109.12
ORD-139704,2024-03-18,2024-03,4878,Japan,Automotive,Floor Mat,1,292.41,292.41
ORD-248989,2024-03-16,2024-03,8917,India,Sports,Dumbbells,2,481.25,962.5
ORD-192742,2024-03-03,2024-03,9624,Brazil,Home & Garden,Clock,10,266.44,2664.4
ORD-427679,2024-03-21,2024-03,5017,Mexico,Beauty,Shampoo,10,274.21,2742.1
ORD-701846,2024-03-15,2024-03,1864,China,Sports,Yoga Mat,8,261.2,2089.6
ORD-828813,2024-03-10,2024-03,6431,Spain,Toys,Card Game,1,151.71,151.71
ORD-700687,2024-03-21,2024-03,5981,USA,Office Supplies,Whiteboard,3,241.85,725.55
ORD-180595,2024-03-16,2024-03,1845,France,Home & Garden,Plant Pot,9,50.43,453.87
ORD-114892,2024-03-09,2024-03,5552,India,Home & Garden,Throw Blanket,5,144.86,724.3
ORD-487728,2024-03-19,2024-03,2827,Sweden,Office Supplies,Stapler,8,372.09,2976.72
ORD-459502,2024-03-06,2024-03,3873,China,Home & Garden,Vase,1,401.69,401.69
ORD-907789,2024-03-16,2024-03,2382,Netherlands,Food,Honey,7,76.51,535.57
ORD-870033,2024-03-21,2024-03,7277,Italy,Books,Journal,10,91.97,919.7
ORD-586554,2024-03-27,2024-03,6653,Spain,Electronics,Camera,3,276.19,828.57
ORD-345011,2024-03-24,2024-03,7533,China,Beauty,Sunscreen,9,474.64,4271.76
ORD-112439,2024-03-05,2024-03,7222,France,Toys,Art Set,7,269.92,1889.44
ORD-202093,2024-03-11,2024-03,5731,Mexico,Beauty,Nail Polish,1,481.26,481.26
ORD-383457,2024-03-21,2024-03,9704,India,Sports,Bicycle Helmet,6,430.59,2583.54
ORD-869983,2024-03-19,2024-03,5375,Mexico,Clothing,Dress,4,201.67,806.68
ORD-674213,2024-03-23,2024-03,4193,Mexico,Automotive,Phone Mount,6,496.68,2980.08
ORD-818798,2024-03-14,2024-03,1173,USA,Electronics,Smartphone,2,240.51,481.02
ORD-124851,2024-03-10,2024-03,8306,Italy,Sports,Water Bottle,1,133.43,133.43
ORD-190582,2024-03-21,2024-03,2506,India,Electronics,Headphones,2,287.49,574.98
ORD-408877,2024-03-04,2024-03,3128,Sweden,Toys,Lego Set,5,350.87,1754.35
ORD-369836,2024-03-09,2024-03,8650,Sweden,Clothing,Scarf,6,386.99,2321.94
ORD-162976,2024-03-02,2024-03,3653,Spain,Clothing,Dress,6,197.57,1185.42
ORD-739947,2024-03-03,2024-03,5230,China,Home & Garden,Throw Blanket,4,250.94,1003.76
ORD-328994,2024-03-05,2024-03,7432,Canada,Food,Chocolate,7,56.36,394.52
ORD-862886,2024-03-02,2024-03,2740,Canada,Beauty,Sunscreen,10,45.73,457.3
ORD-139673,2024-03-16,2024-03,5105,Sweden,Beauty,Moisturizer,1,82.94,82.94
ORD-103883,2024-03-11,2024-03,7397,Italy,Home & Garden,Throw Blanket,10,453.26,4532.6
ORD-666366,2024-03-13,2024-03,9444,Japan,Beauty,Brush Set,2,423.58,847.16
ORD-694798,2024-03-27,2024-03,4700,Italy,Electronics,Keyboard,2,1570.67,3141.34
ORD-483102,2024-03-10,2024-03,9770,Mexico,Sports,Basketball,2,206.3,412.6
ORD-779259,2024-03-15,2024-03,9759,Netherlands,Sports,Dumbbells,5,382.62,1913.1
ORD-211954,2024-03-22,2024-03,4327,Japan,Food,Organic Coffee,7,23.15,162.05
ORD-246740,2024-03-21,2024-03,6886,Sweden,Beauty,Shampoo,4,224.61,898.44
ORD-166052,2024-03-19,2024-03,1584,Italy,Books,Novel,7,126.86,888.02
ORD-138842,2024-03-27,2024-03,9856,Brazil,Home & Garden,Clock,1,407.77,407.77
ORD-321960,2024-03-24,2024-03,6558,Spain,Electronics,Monitor,2,133.49,266.98
ORD-138669,2024-03-19,2024-03,9570,Italy,Beauty,Perfume,2,124.16,248.32
ORD-115063,2024-03-20,2024-03,3319,China,Beauty,Moisturizer,3,32.44,97.32
ORD-278980,2024-03-26,2024-03,3822,Netherlands,Electronics,Camera,10,239.72,2397.2
ORD-166175,2024-03-20,2024-03,2047,China,Clothing,Jeans,4,401.6,1606.4
ORD-439984,2024-03-27,2024-03,4320,Spain,Toys,Card Game,7,491.27,3438.89
ORD-901351,2024-03-27,2024-03,2979,Australia,Office Supplies,Stapler,4,482.7,1930.8
ORD-894348,2024-03-03,2024-03,1746,Australia,Office Supplies,Stapler,3,69.17,207.51
ORD-142675,2024-03-06,2024-03,7801,Brazil,Food,Rice,10,46.67,466.7
ORD-184643,2024-03-06,2024-03,3185,Spain,Clothing,Shorts,8,17.66,141.28
ORD-397514,2024-03-03,2024-03,1104,Sweden,Electronics,Tablet,10,1428.15,14281.5
ORD-572298,2024-03-05,2024-03,7819,Germany,Beauty,Perfume,9,323.51,2911.59
ORD-852037,2024-03-23,2024-03,7750,India,Books,Cookbook,3,28.43,85.29
ORD-539128,2024-03-27,2024-03,9190,Mexico,Office Supplies,Notebook,6,393.47,2360.82
ORD-748985,2024-03-04,2024-03,1074,Germany,Automotive,Seat Cover,2,493.44,986.88
ORD-389854,2024-03-25,2024-03,6929,China,Automotive,Seat Cover,4,316.97,1267.88
ORD-621682,2024-03-05,2024-03,1869,Spain,Books,Textbook,8,345.77,2766.16
ORD-555786,2024-03-21,2024-03,3888,USA,Food,Organic Coffee,4,39.6,158.4
ORD-284431,2024-03-04,2024-03,5118,USA,Sports,Jump Rope,9,372.8,3355.2
ORD-856445,2024-03-04,2024-03,3589,Brazil,Electronics,Mouse,4,188.18,752.72
ORD-341238,2024-03-07,2024-03,8287,Japan,Office Supplies,Desk Organizer,6,376.07,2256.42
ORD-493774,2024-03-08,2024-03,2804,Canada,Sports,Water Bottle,4,371.5,1486.0
ORD-251981,2024-03-16,2024-03,4615,India,Clothing,Scarf,7,36.63,256.41
ORD-854787,2024-03-13,2024-03,4541,UK,Office Supplies,Envelope,8,193.01,1544.08
ORD-162549,2024-03-11,2024-03,4181,Germany,Sports,Tennis Racket,10,72.33,723.3
ORD-897273,2024-03-15,2024-03,5597,Netherlands,Food,Green Tea,3,48.56,145.68
ORD-278190,2024-03-06,2024-03,6629,India,Books,Comic,10,396.88,3968.8
ORD-720317,2024-03-17,2024-03,4763,Netherlands,Clothing,Shorts,4,249.71,998.84
ORD-359870,2024-03-24,2024-03,8757,USA,Beauty,Sunscreen,4,219.77,879.08
ORD-105324,2024-03-19,2024-03,6362,Sweden,Toys,Action Figure,10,473.66,4736.6
ORD-546376,2024-03-24,2024-03,7844,China,Electronics,Laptop,1,1548.78,1548.78
ORD-574419,2024-03-26,2024-03,9701,Spain,Toys,Art Set,2,351.36,702.72
ORD-328596,2024-03-25,2024-03,9114,Brazil,Books,Textbook,7,16.09,112.63
ORD-603088,2024-03-21,2024-03,3174,Germany,Sports,Tennis Racket,1,499.49,499.49
ORD-576935,2024-03-19,2024-03,5994,Netherlands,Food,Chocolate,1,75.99,75.99
ORD-838094,2024-03-28,2024-03,3271,Spain,Toys,Lego Set,8,191.51,1532.08
ORD-410997,2024-03-23,2024-03,1022,Sweden,Clothing,Shorts,1,173.12,173.12
ORD-871501,2024-03-22,2024-03,7977,Spain,Home & Garden,Vase,6,49.67,298.02
ORD-587957,2024-03-02,2024-03,1898,Sweden,Automotive,Phone Mount,6,64.37,386.22
ORD-687997,2024-03-21,2024-03,1669,UK,Sports,Basketball,2,283.81,567.62
ORD-873199,2024-03-18,2024-03,4354,Germany,Food,Rice,8,15.79,126.32
ORD-390607,2024-03-09,2024-03,4437,Australia,Books,Dictionary,7,256.75,1797.25
ORD-969856,2024-03-15,2024-03,1892,Australia,Clothing,Hoodie,9,248.25,2234.25
ORD-297503,2024-03-20,2024-03,3010,China,Beauty,Sunscreen,2,190.39,380.78
ORD-214677,2024-03-06,2024-03,8501,Japan,Clothing,Jeans,2,151.3,302.6
ORD-645980,2024-03-05,2024-03,3699,Italy,Home & Garden,Candle,4,253.2,1012.8
ORD-463541,2024-03-18,2024-03,1371,Mexico,Home & Garden,Lamp,8,466.54,3732.32
ORD-975505,2024-03-07,2024-03,7883,France,Beauty,Moisturizer,4,40.85,163.4
ORD-609763,2024-03-11,2024-03,9513,India,Sports,Bicycle Helmet,6,331.32,1987.92
ORD-280079,2024-03-10,2024-03,9686,China,Automotive,Oil Filter,5,287.95,1439.75
ORD-255544,2024-03-10,2024-03,5259,Australia,Books,Journal,1,387.18,387.18
ORD-399102,2024-03-20,2024-03,6785,UK,Home & Garden,Clock,9,462.82,4165.38
ORD-702433,2024-03-08,2024-03,3986,UK,Food,Honey,6,16.11,96.66
ORD-797883,2024-03-06,2024-03,3072,Australia,Beauty,Sunscreen,1,110.53,110.53
ORD-659565,2024-03-15,2024-03,6192,Australia,Sports,Running Shoes,3,274.53,823.59
ORD-435772,2024-03-16,2024-03,5940,Japan,Clothing,T-Shirt,8,386.57,3092.56
ORD-890795,2024-03-23,2024-03,3556,Mexico,Electronics,Monitor,5,626.34,3131.7
ORD-142027,2024-03-23,2024-03,3409,Australia,Office Supplies,Envelope,8,65.03,520.24
ORD-567636,2024-03-01,2024-03,3284,France,Automotive,Dash Camera,4,206.8,827.2
ORD-652005,2024-03-20,2024-03,6855,USA,Clothing,Hoodie,10,324.24,3242.4
ORD-809952,2024-03-03,2024-03,4639,USA,Home & Garden,Vase,8,273.82,2190.56
ORD-636405,2024-03-16,2024-03,2431,Germany,Automotive,Wiper,10,165.7,1657.0
ORD-504868,2024-03-23,2024-03,1918,UK,Sports,Bicycle Helmet,6,428.36,2570.16
ORD-688285,2024-03-12,2024-03,7108,Australia,Electronics,Camera,8,650.77,5206.16
ORD-271746,2024-03-14,2024-03,2435,Italy,Books,Journal,5,403.81,2019.05
ORD-317877,2024-03-19,2024-03,7944,Netherlands,Toys,Lego Set,3,302.99,908.97
ORD-106940,2024-03-19,2024-03,5968,Canada,Beauty,Face Mask,2,380.5,761.0
ORD-891930,2024-03-18,2024-03,7708,UK,Home & Garden,Lamp,10,236.44,2364.4
ORD-144284,2024-03-13,2024-03,3243,Netherlands,Books,Cookbook,8,151.84,1214.72
ORD-128143,2024-03-18,2024-03,5947,China,Office Supplies,Whiteboard,4,372.53,1490.12
ORD-230208,2024-03-21,2024-03,1040,France,Food,Pasta,8,84.25,674.0
ORD-225152,2024-03-23,2024-03,5713,China,Toys,Lego Set,1,325.95,325.95
ORD-693047,2024-03-24,2024-03,5541,India,Beauty,Shampoo,8,187.26,1498.08
ORD-868561,2024-03-27,2024-03,8144,Italy,Home & Garden,Clock,9,68.6,617.4
ORD-826959,2024-03-02,2024-03,1287,India,Home & Garden,Throw Blanket,8,81.61,652.88
ORD-151081,2024-03-09,2024-03,3219,USA,Sports,Running Shoes,6,186.97,1121.82
ORD-901834,2024-03-07,2024-03,5749,Brazil,Home & Garden,Candle,3,385.56,1156.68
ORD-384645,2024-03-11,2024-03,2548,Brazil,Office Supplies,Stapler,5,437.5,2187.5
ORD-395087,2024-03-05,2024-03,6939,Netherlands,Clothing,Hoodie,9,16.32,146.88
ORD-627835,2024-03-06,2024-03,7111,Australia,Beauty,Nail Polish,3,60.18,180.54
ORD-958620,2024-03-15,2024-03,4622,Japan,Books,Textbook,2,458.86,917.72
ORD-956727,2024-03-10,2024-03,3150,Australia,Electronics,Mouse,3,1397.55,4192.65
ORD-333159,2024-03-23,2024-03,8240,UK,Office Supplies,Desk Organizer,2,159.3,318.6
ORD-545440,2024-03-05,2024-03,3108,France,Food,Olive Oil,2,24.93,49.86
ORD-305888,2024-03-16,2024-03,2830,Spain,Clothing,T-Shirt,1,381.09,381.09
ORD-169465,2024-03-04,2024-03,2766,China,Electronics,Laptop,1,1821.63,1821.63
ORD-716146,2024-03-04,2024-03,5942,Spain,Electronics,Smartphone,4,1844.19,7376.76
ORD-707913,2024-03-03,2024-03,4277,USA,Food,Rice,5,18.83,94.15
ORD-353569,2024-03-17,2024-03,6698,Netherlands,Sports,Running Shoes,10,392.59,3925.9
ORD-654527,2024-03-27,2024-03,9272,Canada,Office Supplies,Notebook,1,293.29,293.29
ORD-324411,2024-03-25,2024-03,4555,UK,Books,Comic,2,273.19,546.38
ORD-289633,2024-03-19,2024-03,9260,Italy,Beauty,Face Mask,2,100.71,201.42
ORD-898395,2024-03-17,2024-03,6813,Germany,Toys,Drone,2,121.5,243.0
ORD-838963,2024-03-17,2024-03,6149,Canada,Clothing,Scarf,6,76.6,459.6
ORD-397388,2024-03-11,2024-03,5723,Canada,Automotive,Car Charger,7,251.92,1763.44
ORD-527066,2024-03-27,2024-03,8486,Mexico,Office Supplies,Whiteboard,9,227.54,2047.86
ORD-812120,2024-03-03,2024-03,5761,Netherlands,Toys,Action Figure,8,448.43,3587.44
ORD-559337,2024-03-16,2024-03,7020,Mexico,Food,Organic Coffee,7,68.85,481.95
ORD-206663,2024-03-13,2024-03,9563,UK,Clothing,Jeans,10,206.31,2063.1
ORD-228725,2024-03-11,2024-03,3764,Germany,Clothing,Hoodie,7,108.13,756.91
ORD-722487,2024-03-25,2024-03,4815,France,Toys,Art Set,10,359.61,3596.1
ORD-608069,2024-03-22,2024-03,5472,China,Toys,Card Game,7,305.55,2138.85
ORD-613111,2024-03-15,2024-03,9379,Spain,Home & Garden,Throw Blanket,5,62.94,314.7
ORD-622332,2024-03-04,2024-03,9147,USA,Books,Cookbook,2,371.52,743.04
ORD-752179,2024-03-22,2024-03,1438,India,Food,Spices,5,36.06,180.3
ORD-614064,2024-03-15,2024-03,2578,Spain,Clothing,Scarf,8,108.95,871.6
ORD-901075,2024-03-28,2024-03,9270,Spain,Home & Garden,Cushion,1,274.86,274.86
ORD-564053,2024-03-15,2024-03,1517,Japan,Toys,Puzzle,7,164.13,1148.91
ORD-840356,2024-03-18,2024-03,8531,UK,Electronics,Laptop,5,1335.85,6679.25
ORD-901123,2024-03-10,2024-03,3689,UK,Beauty,Nail Polish,8,360.7,2885.6
ORD-592640,2024-03-18,2024-03,2792,Mexico,Office Supplies,Envelope,10,345.83,3458.3
ORD-719755,2024-03-02,2024-03,8797,Brazil,Automotive,Air Freshener,8,201.78,1614.24
ORD-719145,2024-03-10,2024-03,7189,Spain,Office Supplies,Desk Organizer,1,167.04,167.04
ORD-902364,2024-03-26,2024-03,1739,Australia,Food,Rice,1,75.5,75.5
ORD-468332,2024-03-12,2024-03,6591,Japan,Toys,Puzzle,7,496.05,3472.35
ORD-821411,2024-03-21,2024-03,1924,Germany,Books,Biography,2,162.93,325.86
ORD-139193,2024-03-06,2024-03,2073,Australia,Home & Garden,Candle,6,19.66,117.96
ORD-123316,2024-03-01,2024-03,8551,France,Toys,Drone,10,351.02,3510.2
ORD-204917,2024-03-19,2024-03,6185,Australia,Toys,Drone,8,57.89,463.12
ORD-274721,2024-03-26,2024-03,4373,Brazil,Sports,Jump Rope,6,384.8,2308.8
ORD-981202,2024-03-16,2024-03,5907,Germany,Sports,Bicycle Helmet,2,321.37,642.74
ORD-521556,2024-03-02,2024-03,9779,France,Books,Comic,10,155.69,1556.9
ORD-453200,2024-03-28,2024-03,4700,Italy,Office Supplies,Notebook,10,293.31,2933.1
ORD-783185,2024-03-07,2024-03,5478,Japan,Clothing,Scarf,2,180.19,360.38
ORD-534439,2024-03-22,2024-03,5945,Japan,Automotive,Floor Mat,4,274.57,1098.28
ORD-758342,2024-03-25,2024-03,7591,Mexico,Home & Garden,Clock,1,278.31,278.31
ORD-380951,2024-03-22,2024-03,9457,Germany,Food,Chocolate,8,96.4,771.2
ORD-647639,2024-03-19,2024-03,9728,Sweden,Office Supplies,Sticky Notes,1,366.04,366.04
ORD-985126,2024-03-08,2024-03,4287,UK,Sports,Jump Rope,5,83.73,418.65
ORD-987060,2024-03-27,2024-03,8133,Netherlands,Toys,Card Game,4,456.46,1825.84
ORD-347600,2024-03-06,2024-03,7757,Mexico,Home & Garden,Picture Frame,10,135.66,1356.6
ORD-586706,2024-03-07,2024-03,7649,UK,Books,Textbook,5,23.58,117.9
ORD-267099,2024-03-21,2024-03,8952,Japan,Automotive,Wiper,4,453.77,1815.08
ORD-284533,2024-03-26,2024-03,5468,France,Food,Organic Coffee,9,81.34,732.06
ORD-730823,2024-03-28,2024-03,1691,USA,Beauty,Moisturizer,6,449.29,2695.74
ORD-516174,2024-03-12,2024-03,5882,Sweden,Clothing,Shorts,2,339.12,678.24
ORD-647312,2024-03-24,2024-03,3302,India,Books,Textbook,2,255.12,510.24
ORD-910749,2024-03-03,2024-03,9605,Sweden,Home & Garden,Clock,2,126.66,253.32
ORD-328598,2024-03-24,2024-03,6134,Spain,Sports,Bicycle Helmet,7,374.54,2621.78
ORD-718115,2024-03-09,2024-03,3363,Germany,Clothing,Jacket,5,225.34,1126.7
ORD-597920,2024-03-04,2024-03,1916,Italy,Beauty,Face Mask,7,165.08,1155.56
ORD-122097,2024-03-16,2024-03,5036,Australia,Home & Garden,Throw Blanket,5,360.68,1803.4
ORD-951706,2024-03-18,2024-03,1570,France,Electronics,Headphones,6,800.15,4800.9
ORD-367946,2024-03-15,2024-03,2999,Netherlands,Automotive,Seat Cover,7,200.35,1402.45
ORD-560163,2024-03-07,2024-03,5929,France,Clothing,Sneakers,3,431.11,1293.33
ORD-593975,2024-03-28,2024-03,6196,France,Toys,Board Game,8,49.25,394.0
ORD-832411,2024-03-27,2024-03,7765,Sweden,Sports,Bicycle Helmet,3,59.19,177.57
ORD-873624,2024-03-14,2024-03,5275,Australia,Automotive,Dash Camera,9,305.04,2745.36
ORD-760766,2024-03-02,2024-03,6353,Spain,Beauty,Moisturizer,3,324.27,972.81
ORD-703779,2024-03-07,2024-03,8264,Japan,Food,Organic Coffee,6,64.69,388.14
ORD-988102,2024-03-17,2024-03,2347,Germany,Clothing,Jacket,3,359.65,1078.95
ORD-281905,2024-03-28,2024-03,7722,China,Sports,Jump Rope,5,370.23,1851.15
ORD-495648,2024-03-14,2024-03,6367,Canada,Home & Garden,Vase,7,190.12,1330.84
ORD-193298,2024-03-18,2024-03,4677,Sweden,Electronics,Laptop,4,1311.86,5247.44
ORD-748024,2024-03-28,2024-03,8576,Italy,Books,Comic,7,92.69,648.83
ORD-694797,2024-03-03,2024-03,8027,UK,Office Supplies,Whiteboard,3,479.44,1438.32
ORD-224269,2024-03-15,2024-03,2922,Spain,Electronics,Keyboard,8,1663.15,13305.2
ORD-882702,2024-03-27,2024-03,4677,Netherlands,Books,Biography,5,393.24,1966.2
ORD-964119,2024-03-28,2024-03,9096,Japan,Toys,Lego Set,4,111.24,444.96
ORD-404289,2024-03-14,2024-03,5636,UK,Books,Travel Guide,1,398.31,398.31
ORD-189903,2024-03-08,2024-03,5289,Sweden,Books,Journal,8,191.12,1528.96
ORD-820216,2024-03-11,2024-03,1169,Netherlands,Beauty,Perfume,7,487.46,3412.22
ORD-684056,2024-03-20,2024-03,4476,Italy,Toys,Drone,2,135.55,271.1
ORD-735829,2024-03-08,2024-03,1962,Sweden,Electronics,Monitor,6,968.32,5809.92
ORD-803869,2024-03-20,2024-03,1745,Brazil,Electronics,Camera,7,792.83,5549.81
ORD-616780,2024-03-06,2024-03,7076,India,Food,Organic Coffee,9,29.73,267.57
ORD-248683,2024-03-11,2024-03,6557,Canada,Beauty,Perfume,7,358.03,2506.21
ORD-884149,2024-03-05,2024-03,5266,USA,Clothing,Hoodie,5,254.61,1273.05
ORD-642085,2024-03-09,2024-03,6907,Sweden,Toys,Plush Toy,5,310.34,1551.7
ORD-682667,2024-03-24,2024-03,6128,Australia,Toys,Lego Set,3,497.34,1492.02
ORD-593090,2024-03-02,2024-03,8208,UK,Electronics,Headphones,1,498.23,498.23
ORD-142773,2024-03-04,2024-03,5263,Japan,Food,Chocolate,8,99.54,796.32
ORD-229660,2024-03-16,2024-03,8233,China,Sports,Jump Rope,3,65.12,195.36
ORD-886365,2024-03-10,2024-03,6727,Netherlands,Clothing,Sneakers,3,98.52,295.56
ORD-289340,2024-03-01,2024-03,9335,India,Home & Garden,Vase,10,267.75,2677.5
ORD-127223,2024-03-16,2024-03,7822,Spain,Clothing,Sneakers,6,341.69,2050.14
ORD-977634,2024-03-19,2024-03,5657,Australia,Clothing,Shorts,2,465.28,930.56
ORD-576111,2024-03-15,2024-03,6300,Canada,Food,Organic Coffee,8,83.92,671.36
ORD-440698,2024-03-02,2024-03,5412,Australia,Office Supplies,Pen,8,331.52,2652.16
ORD-879930,2024-03-21,2024-03,3118,Spain,Books,Novel,1,148.65,148.65
ORD-908323,2024-03-13,2024-03,2158,Canada,Automotive,Wiper,4,135.03,540.12
ORD-398776,2024-03-07,2024-03,7535,Netherlands,Clothing,T-Shirt,7,89.84,628.88
ORD-818234,2024-03-26,2024-03,3525,China,Clothing,Dress,5,221.86,1109.3
ORD-567080,2024-03-12,2024-03,3151,Netherlands,Sports,Dumbbells,8,261.2,2089.6
ORD-950389,2024-03-20,2024-03,7358,India,Beauty,Sunscreen,7,217.3,1521.1
ORD-638277,2024-03-21,2024-03,7033,Japan,Office Supplies,Stapler,1,218.75,218.75
ORD-652891,2024-03-22,2024-03,6599,Mexico,Beauty,Lipstick,8,359.68,2877.44
ORD-414985,2024-03-14,2024-03,9596,China,Clothing,Dress,8,48.8,390.4
ORD-696152,2024-03-08,2024-03,3434,Netherlands,Food,Pasta,5,54.69,273.45
ORD-545554,2024-03-02,2024-03,1781,Sweden,Automotive,Dash Camera,9,261.57,2354.13
ORD-472724,2024-03-24,2024-03,7766,Mexico,Clothing,Scarf,5,288.55,1442.75
ORD-288274,2024-03-17,2024-03,5175,Spain,Office Supplies,Notebook,8,17.97,143.76
ORD-429196,2024-03-14,2024-03,3985,Canada,Toys,Board Game,5,439.61,2198.05
ORD-294078,2024-03-28,2024-03,8454,Australia,Beauty,Sunscreen,4,406.9,1627.6
ORD-118785,2024-03-22,2024-03,2281,Netherlands,Office Supplies,Whiteboard,9,62.1,558.9
ORD-825411,2024-03-06,2024-03,1095,USA,Toys,Puzzle,8,331.34,2650.72
ORD-478251,2024-03-20,2024-03,7637,France,Office Supplies,Envelope,10,408.43,4084.3
ORD-955604,2024-03-05,2024-03,7471,UK,Home & Garden,Candle,2,16.8,33.6
ORD-556957,2024-03-16,2024-03,1260,Germany,Books,Novel,4,327.83,1311.32
ORD-542372,2024-03-25,2024-03,9824,France,Books,Textbook,8,237.08,1896.64
ORD-608608,2024-03-05,2024-03,1357,Sweden,Clothing,Jacket,8,372.0,2976.0
ORD-969742,2024-03-08,2024-03,8724,India,Electronics,Mouse,10,442.61,4426.1
ORD-535878,2024-03-04,2024-03,7418,USA,Electronics,Monitor,7,1279.3,8955.1
ORD-719749,2024-03-16,2024-03,9121,USA,Office Supplies,Whiteboard,9,205.84,1852.56
ORD-680130,2024-03-01,2024-03,8993,Brazil,Books,Novel,6,216.78,1300.68
ORD-777568,2024-03-16,2024-03,2040,Sweden,Home & Garden,Lamp,10,67.3,673.0
ORD-592034,2024-03-06,2024-03,6681,USA,Beauty,Nail Polish,4,151.13,604.52
ORD-731347,2024-03-08,2024-03,6633,Brazil,Beauty,Lipstick,6,297.95,1787.7
ORD-973548,2024-03-23,2024-03,8675,Italy,Food,Pasta,7,42.09,294.63
ORD-799459,2024-03-07,2024-03,6902,India,Beauty,Perfume,2,148.4,296.8
ORD-932026,2024-03-06,2024-03,8911,Germany,Food,Honey,2,62.55,125.1
ORD-476215,2024-03-07,2024-03,7815,Germany,Beauty,Sunscreen,1,282.85,282.85
ORD-133522,2024-03-27,2024-03,5273,UK,Sports,Running Shoes,9,431.14,3880.26
ORD-334981,2024-03-20,2024-03,2043,Canada,Sports,Bicycle Helmet,9,121.08,1089.72
ORD-380484,2024-03-12,2024-03,8968,Spain,Home & Garden,Cushion,9,386.99,3482.91
ORD-937798,2024-03-02,2024-03,3476,Italy,Automotive,Dash Camera,8,464.05,3712.4
ORD-963617,2024-03-20,2024-03,8489,Spain,Clothing,Jeans,2,308.73,617.46
ORD-479205,2024-03-21,2024-03,1687,UK,Automotive,Dash Camera,4,67.85,271.4
ORD-261790,2024-03-17,2024-03,3572,Spain,Home & Garden,Clock,2,254.21,508.42
ORD-906584,2024-03-28,2024-03,6959,Canada,Sports,Running Shoes,7,108.93,762.51
ORD-378937,2024-03-10,2024-03,1107,Australia,Books,Journal,2,257.46,514.92
ORD-542207,2024-03-22,2024-03,7101,Mexico,Toys,Card Game,9,130.27,1172.43
ORD-933206,2024-03-14,2024-03,4738,Japan,Food,Spices,9,90.32,812.88
ORD-172961,2024-03-25,2024-03,6927,UK,Electronics,Mouse,9,69.4,624.6
ORD-512369,2024-03-25,2024-03,2389,Japan,Sports,Basketball,1,90.52,90.52
ORD-410089,2024-03-23,2024-03,1607,Mexico,Food,Organic Coffee,9,80.91,728.19
ORD-108286,2024-03-24,2024-03,7869,Italy,Toys,Plush Toy,6,163.71,982.26
ORD-670871,2024-03-13,2024-03,5583,Italy,Automotive,Air Freshener,4,228.63,914.52
ORD-138766,2024-03-07,2024-03,8244,Spain,Sports,Bicycle Helmet,2,441.68,883.36
ORD-645752,2024-03-24,2024-03,9805,Italy,Sports,Bicycle Helmet,3,372.63,1117.89
ORD-457259,2024-03-17,2024-03,9860,Canada,Home & Garden,Vase,9,280.38,2523.42
ORD-353063,2024-03-26,2024-03,3621,Sweden,Electronics,Laptop,5,1102.87,5514.35
ORD-757446,2024-03-02,2024-03,5979,Italy,Toys,Puzzle,5,422.38,2111.9
ORD-570534,2024-03-25,2024-03,9314,USA,Sports,Dumbbells,2,328.97,657.94
ORD-693071,2024-03-11,2024-03,5881,China,Office Supplies,Pen,10,491.65,4916.5
ORD-805097,2024-03-10,2024-03,9737,Australia,Office Supplies,Paper Clips,10,149.42,1494.2
ORD-962813,2024-03-11,2024-03,3293,Canada,Toys,Action Figure,4,263.06,1052.24
ORD-185927,2024-03-23,2024-03,6919,UK,Beauty,Shampoo,7,218.59,1530.13
ORD-181865,2024-03-05,2024-03,2511,Sweden,Electronics,Keyboard,8,978.69,7829.52
ORD-376502,2024-03-18,2024-03,7050,India,Automotive,Wiper,7,264.28,1849.96
ORD-963829,2024-03-16,2024-03,9172,Italy,Toys,Art Set,7,368.54,2579.78
ORD-654844,2024-03-23,2024-03,3668,China,Food,Honey,9,48.48,436.32
ORD-487272,2024-03-02,2024-03,2934,China,Books,Journal,9,375.78,3382.02
ORD-142238,2024-03-04,2024-03,2945,Canada,Office Supplies,Sticky Notes,5,191.1,955.5
ORD-408261,2024-03-10,2024-03,9565,Australia,Food,Green Tea,5,99.15,495.75
ORD-419987,2024-03-26,2024-03,8961,UK,Electronics,Tablet,1,1199.77,1199.77
ORD-674134,2024-03-24,2024-03,5644,Netherlands,Books,Cookbook,2,249.51,499.02
ORD-574348,2024-03-16,2024-03,6712,Japan,Clothing,T-Shirt,10,290.8,2908.0
ORD-898963,2024-03-24,2024-03,6534,Netherlands,Toys,Art Set,3,418.5,1255.5
ORD-863220,2024-03-15,2024-03,3269,Spain,Automotive,Oil Filter,3,336.94,1010.82
ORD-667273,2024-03-08,2024-03,6328,Japan,Clothing,Shorts,6,451.12,2706.72
ORD-699780,2024-03-03,2024-03,1750,Mexico,Beauty,Sunscreen,1,434.32,434.32
ORD-668154,2024-03-18,2024-03,6060,Mexico,Automotive,Dash Camera,10,51.72,517.2
ORD-226126,2024-03-16,2024-03,1866,Spain,Office Supplies,Paper Clips,1,256.29,256.29
ORD-565808,2024-03-26,2024-03,9713,France,Food,Organic Coffee,10,24.55,245.5
ORD-456470,2024-03-19,2024-03,2386,Japan,Automotive,Phone Mount,1,32.04,32.04
ORD-369670,2024-03-28,2024-03,8160,USA,Food,Spices,7,55.15,386.05
ORD-367968,2024-03-06,2024-03,2491,Brazil,Clothing,Jeans,3,149.82,449.46
ORD-441092,2024-03-22,2024-03,2468,Japan,Food,Pasta,10,21.07,210.7
ORD-532876,2024-03-13,2024-03,3973,France,Electronics,Laptop,3,242.55,727.65
ORD-888669,2024-03-04,2024-03,6311,Netherlands,Home & Garden,Lamp,4,35.42,141.68
ORD-679989,2024-03-09,2024-03,4874,Canada,Beauty,Nail Polish,8,39.71,317.68
ORD-382234,2024-03-14,2024-03,7669,USA,Clothing,Scarf,1,320.44,320.44
ORD-987386,2024-03-19,2024-03,2663,France,Books,Cookbook,2,209.31,418.62
ORD-663646,2024-03-18,2024-03,9199,Australia,Books,Cookbook,4,492.8,1971.2
ORD-403300,2024-03-01,2024-03,7942,USA,Automotive,Oil Filter,10,408.2,4082.0
ORD-980266,2024-03-16,2024-03,3742,Sweden,Electronics,Laptop,5,582.94,2914.7
ORD-269257,2024-03-27,2024-03,7228,India,Sports,Water Bottle,1,260.06,260.06
ORD-970840,2024-03-03,2024-03,9750,France,Office Supplies,Notebook,2,203.7,407.4
ORD-941017,2024-03-14,2024-03,3288,Sweden,Automotive,Floor Mat,9,113.32,1019.88
ORD-794447,2024-03-23,2024-03,6215,Spain,Sports,Tennis Racket,4,231.83,927.32
ORD-777844,2024-03-20,2024-03,6269,China,Sports,Water Bottle,3,170.94,512.82
ORD-682788,2024-03-01,2024-03,1033,USA,Office Supplies,Envelope,7,339.63,2377.41
ORD-132450,2024-03-21,2024-03,9011,Spain,Toys,Puzzle,9,329.12,2962.08
ORD-505537,2024-03-13,2024-03,8293,Netherlands,Clothing,Hoodie,6,415.46,2492.76
ORD-109818,2024-03-12,2024-03,3903,China,Electronics,Smartphone,8,1875.68,15005.44
ORD-955932,2024-03-23,2024-03,4629,Mexico,Electronics,Camera,2,747.75,1495.5
ORD-838247,2024-03-12,2024-03,5967,China,Books,Biography,8,28.03,224.24
ORD-696746,2024-03-21,2024-03,4425,Netherlands,Electronics,Headphones,5,822.37,4111.85
ORD-804827,2024-03-07,2024-03,9197,Brazil,Beauty,Perfume,10,333.32,3333.2
ORD-997034,2024-03-03,2024-03,3875,Italy,Clothing,Jacket,10,72.44,724.4
ORD-744304,2024-03-28,2024-03,4734,Germany,Automotive,Floor Mat,9,342.21,3079.89
ORD-995336,2024-03-14,2024-03,5143,USA,Automotive,Oil Filter,1,324.07,324.07
ORD-619647,2024-03-04,2024-03,6292,France,Toys,Drone,8,343.29,2746.32
ORD-540467,2024-03-24,2024-03,6922,Sweden,Automotive,Car Charger,5,120.03,600.15
ORD-699596,2024-03-13,2024-03,9723,USA,Beauty,Face Mask,2,105.36,210.72
ORD-425903,2024-03-08,2024-03,1415,Canada,Books,Travel Guide,6,106.47,638.82
ORD-935946,2024-03-14,2024-03,2029,China,Clothing,T-Shirt,10,405.95,4059.5
ORD-972957,2024-03-16,2024-03,6477,Canada,Home & Garden,Vase,6,126.8,760.8
ORD-901215,2024-03-25,2024-03,1891,Canada,Sports,Water Bottle,8,303.98,2431.84
ORD-428497,2024-03-02,2024-03,2567,Canada,Beauty,Shampoo,7,459.19,3214.33
ORD-740405,2024-03-26,2024-03,2065,Sweden,Food,Organic Coffee,5,46.98,234.9
ORD-991215,2024-03-02,2024-03,8075,Mexico,Clothing,Jeans,5,284.04,1420.2
ORD-925727,2024-03-25,2024-03,7249,India,Toys,Puzzle,10,211.44,2114.4
ORD-749310,2024-03-26,2024-03,1173,China,Beauty,Nail Polish,10,219.77,2197.7
ORD-213253,2024-03-17,2024-03,2659,China,Sports,Yoga Mat,4,170.81,683.24
ORD-232101,2024-03-26,2024-03,2682,India,Electronics,Smartphone,10,1689.52,16895.2
ORD-294954,2024-03-16,2024-03,9337,Japan,Home & Garden,Cushion,8,365.07,2920.56
ORD-638051,2024-03-05,2024-03,4983,USA,Food,Organic Coffee,7,34.61,242.27
ORD-405202,2024-03-16,2024-03,6861,UK,Home & Garden,Throw Blanket,6,161.25,967.5
ORD-157259,2024-03-08,2024-03,7042,USA,Electronics,Tablet,9,1038.86,9349.74
ORD-458143,2024-03-21,2024-03,7915,Germany,Sports,Water Bottle,2,455.17,910.34
ORD-693595,2024-03-23,2024-03,4102,India,Beauty,Brush Set,10,172.26,1722.6
ORD-927527,2024-03-11,2024-03,6499,Japan,Office Supplies,Whiteboard,8,89.52,716.16
ORD-589199,2024-03-01,2024-03,1691,Sweden,Beauty,Lipstick,4,323.0,1292.0
ORD-946485,2024-03-25,2024-03,4492,Italy,Books,Journal,6,476.77,2860.62
ORD-110372,2024-03-27,2024-03,7158,UK,Books,Travel Guide,6,495.04,2970.24
ORD-303846,2024-03-04,2024-03,2208,Brazil,Sports,Yoga Mat,8,79.78,638.24
ORD-374725,2024-03-07,2024-03,6896,Germany,Electronics,Laptop,4,604.0,2416.0
ORD-206105,2024-03-07,2024-03,3855,UK,Sports,Water Bottle,5,20.53,102.65
ORD-320449,2024-03-26,2024-03,1343,Mexico,Food,Spices,6,89.08,534.48
ORD-652522,2024-03-26,2024-03,5998,Australia,Beauty,Lipstick,3,192.45,577.35
ORD-658424,2024-03-05,2024-03,8106,UK,Clothing,Jeans,4,399.5,1598.0
ORD-148439,2024-03-14,2024-03,7196,India,Sports,Basketball,4,488.72,1954.88
ORD-760035,2024-03-05,2024-03,4098,Spain,Automotive,Floor Mat,1,170.56,170.56
ORD-929420,2024-03-24,2024-03,5588,Germany,Food,Chocolate,8,12.73,101.84
ORD-622807,2024-03-21,2024-03,2062,Spain,Food,Spices,6,76.36,458.16
ORD-850413,2024-03-23,2024-03,9501,Australia,Beauty,Perfume,8,193.2,1545.6
ORD-781298,2024-03-13,2024-03,9106,India,Beauty,Sunscreen,10,322.67,3226.7
ORD-515131,2024-03-07,2024-03,1599,Sweden,Books,Biography,4,231.52,926.08
ORD-366893,2024-03-13,2024-03,4581,Sweden,Home & Garden,Lamp,6,289.97,1739.82
ORD-712328,2024-03-15,2024-03,2388,France,Food,Green Tea,4,54.29,217.16
ORD-485364,2024-03-15,2024-03,1674,Japan,Beauty,Face Mask,7,239.1,1673.7
ORD-378527,2024-03-01,2024-03,9151,Japan,Sports,Tennis Racket,4,97.99,391.96
ORD-774920,2024-03-27,2024-03,2243,France,Sports,Dumbbells,9,255.86,2302.74
ORD-672549,2024-03-04,2024-03,2280,Canada,Home & Garden,Vase,1,44.96,44.96
ORD-299903,2024-03-11,2024-03,4281,Mexico,Sports,Water Bottle,5,132.51,662.55
ORD-921169,2024-03-25,2024-03,3258,USA,Automotive,Floor Mat,6,156.74,940.44
ORD-516814,2024-03-21,2024-03,7616,China,Toys,Board Game,3,261.2,783.6
ORD-894423,2024-03-08,2024-03,4728,China,Books,Biography,9,262.75,2364.75
ORD-549622,2024-03-03,2024-03,8679,Spain,Beauty,Face Mask,4,163.41,653.64
ORD-245699,2024-03-28,2024-03,7843,China,Books,Journal,6,283.64,1701.84
ORD-456329,2024-03-26,2024-03,3102,China,Home & Garden,Plant Pot,6,332.84,1997.04
ORD-414192,2024-03-25,2024-03,4694,Mexico,Toys,Drone,9,207.65,1868.85
ORD-261156,2024-03-26,2024-03,6342,India,Office Supplies,Pen,3,25.78,77.34
ORD-660453,2024-03-07,2024-03,6410,Japan,Office Supplies,Sticky Notes,2,474.86,949.72
ORD-770043,2024-03-11,2024-03,7331,Canada,Books,Journal,8,289.06,2312.48
ORD-966621,2024-03-22,2024-03,5991,Canada,Clothing,Jacket,1,280.92,280.92
ORD-397604,2024-03-03,2024-03,9005,Germany,Electronics,Tablet,7,1827.12,12789.84
ORD-486559,2024-03-17,2024-03,4373,Mexico,Books,Comic,1,44.29,44.29
ORD-264663,2024-03-28,2024-03,9495,Australia,Electronics,Tablet,7,1824.13,12768.91
ORD-236243,2024-03-24,2024-03,2814,China,Food,Spices,4,11.53,46.12
ORD-733035,2024-03-23,2024-03,4369,Netherlands,Home & Garden,Lamp,3,335.75,1007.25
ORD-311500,2024-03-23,2024-03,6084,Brazil,Office Supplies,Paper Clips,5,345.57,1727.85
ORD-651400,2024-03-27,2024-03,1121,Canada,Food,Chocolate,4,42.93,171.72
ORD-401897,2024-03-15,2024-03,6388,China,Office Supplies,Envelope,2,292.31,584.62
ORD-535214,2024-03-20,2024-03,8476,Japan,Sports,Tennis Racket,3,413.48,1240.44
ORD-832453,2024-03-13,2024-03,5081,China,Food,Spices,3,91.53,274.59
ORD-406068,2024-03-28,2024-03,2565,Germany,Toys,Board Game,9,87.39,786.51
ORD-180251,2024-03-25,2024-03,2093,Japan,Books,Journal,6,280.88,1685.28
ORD-630647,2024-03-15,2024-03,2723,Japan,Automotive,Phone Mount,4,90.77,363.08
ORD-499670,2024-03-21,2024-03,1731,Canada,Beauty,Moisturizer,8,350.3,2802.4
ORD-843544,2024-03-02,2024-03,6630,Japan,Toys,Action Figure,2,15.26,30.52
ORD-788938,2024-03-15,2024-03,3236,China,Sports,Jump Rope,9,43.44,390.96
ORD-278875,2024-03-27,2024-03,4969,China,Beauty,Perfume,3,146.78,440.34
ORD-276636,2024-03-10,2024-03,1295,UK,Office Supplies,Notebook,7,70.83,495.81
ORD-849115,2024-03-15,2024-03,2271,UK,Electronics,Camera,4,748.27,2993.08
ORD-772149,2024-03-23,2024-03,1564,China,Automotive,Seat Cover,9,33.4,300.6
ORD-909930,2024-03-02,2024-03,2684,China,Toys,Plush Toy,1,303.12,303.12
ORD-542166,2024-03-08,2024-03,7183,Australia,Books,Biography,1,107.99,107.99
ORD-331282,2024-03-07,2024-03,1457,Netherlands,Electronics,Monitor,2,1375.92,2751.84
ORD-438354,2024-03-14,2024-03,2582,USA,Food,Honey,6,53.69,322.14
ORD-226672,2024-03-18,2024-03,4105,Sweden,Office Supplies,Paper Clips,7,203.58,1425.06
ORD-785761,2024-03-11,2024-03,4807,Australia,Books,Textbook,7,95.07,665.49
ORD-781516,2024-03-15,2024-03,6181,Germany,Electronics,Keyboard,5,479.19,2395.95
ORD-623843,2024-03-07,2024-03,7045,Sweden,Electronics,Smartphone,10,851.64,8516.4
ORD-810830,2024-03-04,2024-03,2668,France,Automotive,Air Freshener,7,303.93,2127.51
ORD-992919,2024-03-25,2024-03,3177,Mexico,Sports,Running Shoes,6,443.14,2658.84
ORD-500945,2024-03-20,2024-03,8899,USA,Clothing,Hoodie,8,456.93,3655.44
ORD-423851,2024-03-01,2024-03,9372,Germany,Books,Novel,2,312.01,624.02
ORD-622952,2024-03-03,2024-03,4873,India,Toys,Action Figure,6,39.36,236.16
ORD-860541,2024-03-07,2024-03,5859,Japan,Books,Cookbook,4,324.6,1298.4
ORD-646174,2024-03-11,2024-03,8270,France,Sports,Running Shoes,1,325.37,325.37
ORD-354016,2024-03-28,2024-03,7797,Germany,Home & Garden,Plant Pot,6,369.11,2214.66
ORD-737600,2024-04-22,2024-04,9836,Spain,Electronics,Headphones,4,1407.74,5630.96
ORD-615524,2024-04-15,2024-04,7250,UK,Automotive,Phone Mount,2,318.59,637.18
ORD-196216,2024-04-05,2024-04,2146,Mexico,Books,Novel,3,469.75,1409.25
ORD-426592,2024-04-17,2024-04,3845,Germany,Office Supplies,Paper Clips,8,48.3,386.4
ORD-399214,2024-04-06,2024-04,3689,Japan,Books,Biography,5,306.87,1534.35
ORD-517589,2024-04-26,2024-04,8344,Netherlands,Books,Comic,6,245.77,1474.62
ORD-897257,2024-04-14,2024-04,7188,China,Food,Chocolate,7,53.0,371.0
ORD-895720,2024-04-13,2024-04,3553,Spain,Beauty,Moisturizer,2,219.42,438.84
ORD-586173,2024-04-24,2024-04,5918,Brazil,Office Supplies,Stapler,7,96.09,672.63
ORD-449421,2024-04-18,2024-04,6011,Japan,Beauty,Sunscreen,2,306.95,613.9
ORD-865847,2024-04-07,2024-04,3238,UK,Beauty,Lipstick,9,12.05,108.45
ORD-502692,2024-04-14,2024-04,7131,Sweden,Beauty,Nail Polish,6,470.74,2824.44
ORD-503519,2024-04-02,2024-04,9020,Japan,Home & Garden,Candle,2,496.31,992.62
ORD-634363,2024-04-25,2024-04,3660,France,Books,Travel Guide,6,457.41,2744.46
ORD-354125,2024-04-13,2024-04,9005,Mexico,Sports,Yoga Mat,4,463.99,1855.96
ORD-374025,2024-04-23,2024-04,8827,Mexico,Electronics,Monitor,3,1369.03,4107.09
ORD-112936,2024-04-20,2024-04,8462,Germany,Food,Pasta,3,59.94,179.82
ORD-643725,2024-04-23,2024-04,2912,Japan,Clothing,Shorts,2,297.22,594.44
ORD-624966,2024-04-14,2024-04,4093,Netherlands,Toys,Lego Set,5,133.91,669.55
ORD-214582,2024-04-14,2024-04,9735,Italy,Toys,Plush Toy,2,378.71,757.42
ORD-832964,2024-04-07,2024-04,6642,Italy,Food,Pasta,7,93.35,653.45
ORD-911329,2024-04-16,2024-04,6047,Netherlands,Electronics,Tablet,2,53.08,106.16
ORD-284970,2024-04-10,2024-04,7845,Mexico,Automotive,Wiper,3,369.19,1107.57
ORD-572552,2024-04-16,2024-04,7138,Germany,Food,Honey,2,22.29,44.58
ORD-371950,2024-04-24,2024-04,4482,USA,Food,Olive Oil,4,22.36,89.44
ORD-189870,2024-04-21,2024-04,7697,Netherlands,Beauty,Shampoo,5,91.4,457.0
ORD-601111,2024-04-11,2024-04,7188,Canada,Clothing,Dress,4,24.54,98.16
ORD-797640,2024-04-09,2024-04,8949,USA,Clothing,T-Shirt,1,378.38,378.38
ORD-645337,2024-04-26,2024-04,1685,Brazil,Clothing,Sneakers,10,13.56,135.6
ORD-488796,2024-04-11,2024-04,5355,Spain,Beauty,Brush Set,6,306.14,1836.84
ORD-160022,2024-04-22,2024-04,6620,Australia,Sports,Water Bottle,10,205.25,2052.5
ORD-860448,2024-04-15,2024-04,6833,USA,Sports,Dumbbells,7,436.57,3055.99
ORD-486326,2024-04-17,2024-04,3275,Netherlands,Electronics,Smartphone,4,594.96,2379.84
ORD-769068,2024-04-14,2024-04,8404,Brazil,Office Supplies,Envelope,1,333.51,333.51
ORD-810860,2024-04-02,2024-04,6278,Netherlands,Electronics,Monitor,6,1940.72,11644.32
ORD-465254,2024-04-24,2024-04,8279,Japan,Books,Journal,2,310.17,620.34
ORD-846525,2024-04-13,2024-04,8010,Italy,Beauty,Shampoo,4,153.99,615.96
ORD-972786,2024-04-16,2024-04,3345,UK,Automotive,Car Charger,5,400.44,2002.2
ORD-794830,2024-04-15,2024-04,9990,Sweden,Beauty,Perfume,8,477.98,3823.84
ORD-210592,2024-04-06,2024-04,9858,Germany,Books,Biography,2,379.09,758.18
ORD-331081,2024-04-11,2024-04,8125,Sweden,Electronics,Tablet,5,1810.16,9050.8
ORD-194835,2024-04-05,2024-04,5220,Mexico,Beauty,Shampoo,8,462.14,3697.12
ORD-785684,2024-04-11,2024-04,6452,Mexico,Books,Textbook,7,194.74,1363.18
ORD-193469,2024-04-04,2024-04,8159,France,Books,Biography,2,152.58,305.16
ORD-994781,2024-04-04,2024-04,6574,Italy,Office Supplies,Paper Clips,3,290.69,872.07
ORD-988268,2024-04-02,2024-04,6134,France,Toys,Board Game,4,299.13,1196.52
ORD-644998,2024-04-12,2024-04,7359,Spain,Toys,Card Game,3,400.78,1202.34
ORD-251729,2024-04-18,2024-04,4639,USA,Clothing,Shorts,6,427.66,2565.96
ORD-252956,2024-04-15,2024-04,5863,Mexico,Books,Journal,5,82.24,411.2
ORD-386735,2024-04-17,2024-04,1562,France,Office Supplies,Desk Organizer,2,495.26,990.52
ORD-949566,2024-04-23,2024-04,8836,France,Books,Journal,1,483.58,483.58
ORD-834430,2024-04-24,2024-04,6458,Netherlands,Food,Olive Oil,4,93.77,375.08
ORD-122613,2024-04-13,2024-04,1861,Italy,Food,Chocolate,3,33.41,100.23
ORD-894520,2024-04-22,2024-04,9977,Japan,Toys,Card Game,6,241.98,1451.88
ORD-835165,2024-04-24,2024-04,7412,Brazil,Toys,Puzzle,4,148.69,594.76
ORD-944178,2024-04-11,2024-04,9978,UK,Toys,Puzzle,10,378.61,3786.1
ORD-829762,2024-04-06,2024-04,1886,Mexico,Home & Garden,Clock,8,292.81,2342.48
ORD-871037,2024-04-07,2024-04,8904,Germany,Home & Garden,Throw Blanket,4,404.14,1616.56
ORD-494847,2024-04-26,2024-04,1149,Mexico,Sports,Dumbbells,3,494.36,1483.08
ORD-155021,2024-04-12,2024-04,7997,Canada,Food,Organic Coffee,3,97.55,292.65
ORD-356902,2024-04-14,2024-04,2922,India,Automotive,Phone Mount,7,485.17,3396.19
ORD-280865,2024-04-16,2024-04,1556,Japan,Clothing,Sneakers,10,158.32,1583.2
ORD-763049,2024-04-27,2024-04,7150,Netherlands,Clothing,Scarf,5,328.65,1643.25
ORD-772566,2024-04-04,2024-04,8292,Canada,Sports,Yoga Mat,8,50.49,403.92
ORD-387021,2024-04-19,2024-04,9351,India,Books,Novel,8,493.8,3950.4
ORD-412856,2024-04-16,2024-04,2549,Japan,Office Supplies,Stapler,7,499.98,3499.86
ORD-293871,2024-04-23,2024-04,3051,Canada,Clothing,Hoodie,9,455.35,4098.15
ORD-612295,2024-04-27,2024-04,7640,Brazil,Electronics,Keyboard,9,1096.01,9864.09
ORD-289440,2024-04-25,2024-04,2047,Spain,Automotive,Dash Camera,2,111.66,223.32
ORD-703016,2024-04-11,2024-04,3948,Spain,Electronics,Mouse,3,289.94,869.82
ORD-188720,2024-04-09,2024-04,4378,Brazil,Food,Green Tea,1,85.89,85.89
ORD-360400,2024-04-18,2024-04,3043,Australia,Automotive,Floor Mat,1,94.09,94.09
ORD-614266,2024-04-18,2024-04,5925,Mexico,Electronics,Camera,10,917.59,9175.9
ORD-794804,2024-04-18,2024-04,6127,India,Automotive,Phone Mount,2,260.19,520.38
ORD-240727,2024-04-05,2024-04,1732,Germany,Books,Novel,4,156.86,627.44
ORD-177971,2024-04-05,2024-04,4539,France,Office Supplies,Desk Organizer,7,367.26,2570.82
ORD-366526,2024-04-06,2024-04,5177,Mexico,Home & Garden,Lamp,2,206.03,412.06
ORD-849149,2024-04-21,2024-04,7968,Canada,Food,Olive Oil,4,74.6,298.4
ORD-497349,2024-04-27,2024-04,7097,Japan,Office Supplies,Stapler,7,85.21,596.47
ORD-817204,2024-04-09,2024-04,1424,Canada,Office Supplies,Paper Clips,2,71.06,142.12
ORD-915866,2024-04-21,2024-04,9984,Australia,Toys,Puzzle,6,53.6,321.6
ORD-497024,2024-04-01,2024-04,5476,France,Food,Olive Oil,4,14.3,57.2
ORD-961240,2024-04-24,2024-04,2720,Brazil,Clothing,Jacket,10,439.0,4390.0
ORD-384220,2024-04-19,2024-04,9021,Italy,Clothing,Hoodie,9,434.05,3906.45
ORD-945241,2024-04-25,2024-04,2623,Australia,Electronics,Tablet,6,809.65,4857.9
ORD-820013,2024-04-19,2024-04,9711,China,Automotive,Wiper,1,72.51,72.51
ORD-155432,2024-04-13,2024-04,9414,UK,Food,Honey,5,58.92,294.6
ORD-937255,2024-04-15,2024-04,7064,Italy,Books,Travel Guide,6,99.72,598.32
ORD-420012,2024-04-14,2024-04,8678,France,Automotive,Floor Mat,4,265.09,1060.36
ORD-180418,2024-04-11,2024-04,2424,Spain,Home & Garden,Lamp,2,424.17,848.34
ORD-681078,2024-04-02,2024-04,4932,India,Clothing,Jacket,5,51.45,257.25
ORD-602955,2024-04-17,2024-04,9074,Mexico,Electronics,Keyboard,3,1868.26,5604.78
ORD-848851,2024-04-01,2024-04,9156,Japan,Automotive,Dash Camera,1,311.98,311.98
ORD-817307,2024-04-24,2024-04,7962,Germany,Automotive,Phone Mount,9,333.98,3005.82
ORD-336001,2024-04-22,2024-04,1693,UK,Office Supplies,Envelope,9,465.79,4192.11
ORD-543256,2024-04-05,2024-04,3864,Netherlands,Clothing,Hoodie,1,261.71,261.71
ORD-972128,2024-04-04,2024-04,9118,Australia,Toys,Lego Set,4,175.6,702.4
ORD-102342,2024-04-16,2024-04,9832,France,Clothing,Dress,4,153.84,615.36
ORD-585550,2024-04-21,2024-04,7449,Sweden,Books,Comic,1,262.61,262.61
ORD-471083,2024-04-20,2024-04,8999,USA,Electronics,Monitor,5,947.69,4738.45
ORD-109294,2024-04-24,2024-04,2755,Sweden,Electronics,Monitor,6,413.01,2478.06
ORD-530670,2024-04-03,2024-04,2660,Germany,Toys,Art Set,3,269.26,807.78
ORD-593563,2024-04-25,2024-04,3029,UK,Beauty,Moisturizer,4,331.75,1327.0
ORD-950965,2024-04-14,2024-04,7477,Australia,Sports,Tennis Racket,9,447.17,4024.53
ORD-470920,2024-04-27,2024-04,5415,Mexico,Clothing,Scarf,3,225.28,675.84
ORD-298775,2024-04-28,2024-04,8110,Sweden,Electronics,Monitor,2,1432.98,2865.96
ORD-268099,2024-04-14,2024-04,5667,Japan,Electronics,Tablet,1,1500.65,1500.65
ORD-938672,2024-04-14,2024-04,4260,Canada,Beauty,Sunscreen,8,249.64,1997.12
ORD-237801,2024-04-24,2024-04,3087,Brazil,Sports,Bicycle Helmet,7,462.55,3237.85
ORD-904661,2024-04-05,2024-04,2797,UK,Clothing,T-Shirt,1,178.62,178.62
ORD-603518,2024-04-20,2024-04,4874,Japan,Electronics,Monitor,7,1487.99,10415.93
ORD-259903,2024-04-25,2024-04,5742,Canada,Home & Garden,Clock,10,220.19,2201.9
ORD-835005,2024-04-25,2024-04,9376,France,Food,Olive Oil,5,15.93,79.65
ORD-835203,2024-04-23,2024-04,5052,China,Toys,Action Figure,2,393.53,787.06
ORD-340526,2024-04-28,2024-04,9230,Germany,Office Supplies,Stapler,3,299.69,899.07
ORD-547011,2024-04-09,2024-04,2973,USA,Food,Spices,3,99.09,297.27
ORD-650472,2024-04-28,2024-04,1289,Canada,Office Supplies,Paper Clips,7,34.97,244.79
ORD-547818,2024-04-14,2024-04,6020,Australia,Books,Biography,9,244.81,2203.29
ORD-846151,2024-04-12,2024-04,1846,France,Home & Garden,Candle,6,147.47,884.82
ORD-154662,2024-04-02,2024-04,7849,Sweden,Books,Dictionary,1,99.06,99.06
ORD-551839,2024-04-09,2024-04,6269,China,Books,Comic,2,455.16,910.32
ORD-801442,2024-04-11,2024-04,4028,Australia,Home & Garden,Clock,2,159.13,318.26
ORD-879020,2024-04-12,2024-04,1223,Australia,Automotive,Air Freshener,6,373.23,2239.38
ORD-502704,2024-04-21,2024-04,9664,Germany,Office Supplies,Desk Organizer,10,145.21,1452.1
ORD-715054,2024-04-24,2024-04,2429,Mexico,Clothing,Jacket,1,304.9,304.9
ORD-749079,2024-04-04,2024-04,4120,Sweden,Books,Journal,9,46.69,420.21
ORD-145939,2024-04-07,2024-04,6618,Spain,Home & Garden,Clock,3,271.44,814.32
ORD-464211,2024-04-23,2024-04,3094,Brazil,Books,Travel Guide,9,133.74,1203.66
ORD-649205,2024-04-14,2024-04,6996,Sweden,Beauty,Shampoo,7,43.18,302.26
ORD-403726,2024-04-09,2024-04,9255,India,Electronics,Tablet,3,1408.58,4225.74
ORD-619072,2024-04-23,2024-04,1744,Spain,Office Supplies,Pen,7,103.19,722.33
ORD-689822,2024-04-15,2024-04,9723,UK,Automotive,Dash Camera,7,377.86,2645.02
ORD-328387,2024-04-06,2024-04,7393,Germany,Toys,Plush Toy,10,11.76,117.6
ORD-418148,2024-04-23,2024-04,1145,Brazil,Automotive,Oil Filter,5,363.08,1815.4
ORD-659484,2024-04-04,2024-04,4609,Brazil,Home & Garden,Picture Frame,1,93.84,93.84
ORD-239430,2024-04-05,2024-04,4902,Mexico,Home & Garden,Plant Pot,5,471.6,2358.0
ORD-780154,2024-04-07,2024-04,5430,Netherlands,Electronics,Headphones,1,1092.46,1092.46
ORD-376864,2024-04-03,2024-04,6692,Australia,Office Supplies,Desk Organizer,9,473.75,4263.75
ORD-963955,2024-04-02,2024-04,3189,Australia,Toys,Plush Toy,1,316.72,316.72
ORD-789247,2024-04-09,2024-04,6824,UK,Books,Comic,9,486.09,4374.81
ORD-316173,2024-04-21,2024-04,2743,Netherlands,Toys,Plush Toy,9,320.81,2887.29
ORD-263201,2024-04-07,2024-04,8244,France,Books,Dictionary,7,295.02,2065.14
ORD-620052,2024-04-05,2024-04,8308,Australia,Books,Travel Guide,2,452.06,904.12
ORD-614345,2024-04-28,2024-04,3973,Netherlands,Beauty,Perfume,10,96.29,962.9
ORD-820756,2024-04-06,2024-04,3955,France,Home & Garden,Plant Pot,7,443.77,3106.39
ORD-205102,2024-04-14,2024-04,4077,Canada,Clothing,Jacket,7,130.17,911.19
ORD-215380,2024-04-04,2024-04,9630,India,Food,Organic Coffee,1,40.9,40.9
ORD-757860,2024-04-25,2024-04,1222,Germany,Electronics,Tablet,3,213.01,639.03
ORD-312149,2024-04-24,2024-04,1221,Brazil,Electronics,Smartphone,2,1645.6,3291.2
ORD-262018,2024-04-06,2024-04,3281,Netherlands,Beauty,Brush Set,8,160.62,1284.96
ORD-207809,2024-04-18,2024-04,4994,Mexico,Electronics,Camera,1,290.0,290.0
ORD-335208,2024-04-27,2024-04,9923,Brazil,Home & Garden,Candle,1,213.49,213.49
ORD-336856,2024-04-05,2024-04,1393,Japan,Books,Travel Guide,5,183.12,915.6
ORD-474664,2024-04-04,2024-04,7303,UK,Clothing,Scarf,5,120.02,600.1
ORD-145452,2024-04-12,2024-04,2249,Canada,Office Supplies,Desk Organizer,2,462.43,924.86
ORD-257517,2024-04-11,2024-04,3475,Brazil,Food,Spices,7,61.96,433.72
ORD-793875,2024-04-04,2024-04,5940,Australia,Office Supplies,Whiteboard,8,142.84,1142.72
ORD-915565,2024-04-01,2024-04,7047,Spain,Home & Garden,Candle,3,432.24,1296.72
ORD-954222,2024-04-15,2024-04,3401,Japan,Sports,Running Shoes,8,363.46,2907.68
ORD-233730,2024-04-09,2024-04,2102,Italy,Clothing,Shorts,6,80.89,485.34
ORD-730973,2024-04-16,2024-04,3979,Australia,Toys,Card Game,7,217.68,1523.76
ORD-659699,2024-04-14,2024-04,6463,Japan,Food,Olive Oil,9,57.19,514.71
ORD-652542,2024-04-03,2024-04,9070,Japan,Automotive,Seat Cover,7,294.67,2062.69
ORD-480002,2024-04-01,2024-04,4593,Australia,Clothing,Sneakers,1,109.61,109.61
ORD-409012,2024-04-12,2024-04,8764,USA,Food,Green Tea,3,39.28,117.84
ORD-883281,2024-04-07,2024-04,8543,Germany,Food,Spices,1,83.64,83.64
ORD-489739,2024-04-24,2024-04,3257,Japan,Clothing,Jacket,7,22.91,160.37
ORD-131652,2024-04-27,2024-04,1886,China,Clothing,Jeans,3,301.02,903.06
ORD-971437,2024-04-08,2024-04,3406,Canada,Sports,Running Shoes,10,47.76,477.6
ORD-832497,2024-04-24,2024-04,7823,China,Food,Honey,9,18.31,164.79
ORD-400699,2024-04-11,2024-04,5907,Italy,Beauty,Nail Polish,1,227.55,227.55
ORD-627743,2024-04-21,2024-04,2822,Sweden,Food,Organic Coffee,3,8.05,24.15
ORD-681074,2024-04-14,2024-04,3627,Netherlands,Electronics,Keyboard,8,1375.81,11006.48
ORD-385031,2024-04-08,2024-04,5227,Italy,Office Supplies,Whiteboard,3,217.6,652.8
ORD-158716,2024-04-24,2024-04,2506,UK,Automotive,Wiper,10,113.81,1138.1
ORD-982600,2024-04-24,2024-04,4586,Netherlands,Toys,Lego Set,10,488.23,4882.3
ORD-272830,2024-04-21,2024-04,2264,Australia,Beauty,Brush Set,7,324.53,2271.71
ORD-480320,2024-04-09,2024-04,1895,Germany,Sports,Bicycle Helmet,2,63.12,126.24
ORD-322203,2024-04-06,2024-04,6496,France,Electronics,Headphones,2,1106.06,2212.12
ORD-352009,2024-04-07,2024-04,1179,Brazil,Home & Garden,Vase,1,322.81,322.81
ORD-429861,2024-04-26,2024-04,5410,India,Clothing,T-Shirt,1,247.07,247.07
ORD-624514,2024-04-25,2024-04,2527,Australia,Home & Garden,Plant Pot,7,148.38,1038.66
ORD-447412,2024-04-12,2024-04,4192,Italy,Sports,Bicycle Helmet,2,487.19,974.38
ORD-715698,2024-04-26,2024-04,7672,Brazil,Automotive,Dash Camera,1,389.78,389.78
ORD-182578,2024-04-06,2024-04,7260,France,Beauty,Moisturizer,8,84.25,674.0
ORD-625986,2024-04-22,2024-04,2528,Spain,Books,Biography,3,330.57,991.71
ORD-477819,2024-04-26,2024-04,9459,China,Office Supplies,Desk Organizer,5,74.29,371.45
ORD-178641,2024-04-07,2024-04,8059,Germany,Electronics,Keyboard,10,1994.17,19941.7
ORD-673713,2024-04-26,2024-04,3496,Canada,Office Supplies,Envelope,5,17.32,86.6
ORD-269316,2024-04-11,2024-04,2428,China,Beauty,Shampoo,5,93.16,465.8
ORD-370473,2024-04-03,2024-04,2116,Australia,Home & Garden,Cushion,8,44.86,358.88
ORD-611976,2024-04-05,2024-04,8753,Mexico,Home & Garden,Clock,10,470.52,4705.2
ORD-562241,2024-04-14,2024-04,1648,Japan,Sports,Tennis Racket,3,429.93,1289.79
ORD-571955,2024-04-03,2024-04,7008,Australia,Automotive,Phone Mount,9,344.28,3098.52
ORD-108328,2024-04-26,2024-04,5306,Italy,Electronics,Laptop,9,527.39,4746.51
ORD-333886,2024-04-06,2024-04,3532,Japan,Clothing,Dress,2,289.37,578.74
ORD-958038,2024-04-15,2024-04,7360,Australia,Beauty,Shampoo,9,239.56,2156.04
ORD-905533,2024-04-24,2024-04,8616,UK,Clothing,Jeans,7,63.09,441.63
ORD-609917,2024-04-03,2024-04,8096,Australia,Books,Travel Guide,10,165.47,1654.7
ORD-592796,2024-04-15,2024-04,4483,France,Beauty,Shampoo,3,28.76,86.28
ORD-165431,2024-04-02,2024-04,3384,India,Books,Dictionary,7,494.03,3458.21
ORD-895466,2024-04-02,2024-04,6922,Germany,Toys,Art Set,1,113.63,113.63
ORD-387210,2024-04-06,2024-04,7929,Mexico,Home & Garden,Picture Frame,2,50.96,101.92
ORD-650269,2024-04-23,2024-04,7636,Netherlands,Clothing,Dress,7,231.2,1618.4
ORD-458633,2024-04-02,2024-04,4507,Netherlands,Home & Garden,Throw Blanket,7,55.3,387.1
ORD-822291,2024-04-14,2024-04,5864,Australia,Food,Olive Oil,9,50.75,456.75
ORD-688155,2024-04-23,2024-04,3632,Sweden,Toys,Card Game,1,289.46,289.46
ORD-114875,2024-04-22,2024-04,4253,Australia,Clothing,Jacket,6,493.32,2959.92
ORD-375568,2024-04-28,2024-04,3465,China,Beauty,Perfume,7,165.04,1155.28
ORD-769952,2024-04-28,2024-04,9531,Netherlands,Electronics,Mouse,8,295.15,2361.2
ORD-912000,2024-04-07,2024-04,2596,Italy,Electronics,Headphones,9,869.34,7824.06
ORD-812641,2024-04-12,2024-04,3721,Germany,Office Supplies,Sticky Notes,4,112.78,451.12
ORD-958837,2024-04-10,2024-04,1235,USA,Sports,Basketball,9,449.36,4044.24
ORD-546535,2024-04-14,2024-04,3043,Japan,Beauty,Brush Set,9,182.35,1641.15
ORD-285488,2024-04-06,2024-04,9571,Sweden,Sports,Dumbbells,6,234.82,1408.92
ORD-764909,2024-04-10,2024-04,3664,Japan,Automotive,Wiper,7,424.09,2968.63
ORD-781180,2024-04-26,2024-04,5640,Canada,Office Supplies,Notebook,2,420.24,840.48
ORD-671194,2024-04-16,2024-04,1269,Canada,Office Supplies,Sticky Notes,10,377.47,3774.7
ORD-333705,2024-04-10,2024-04,2633,Mexico,Beauty,Moisturizer,4,427.34,1709.36
ORD-467645,2024-04-07,2024-04,8448,Canada,Automotive,Wiper,2,429.61,859.22
ORD-397380,2024-04-12,2024-04,8601,USA,Toys,Drone,9,393.28,3539.52
ORD-104359,2024-04-26,2024-04,5384,Netherlands,Home & Garden,Picture Frame,4,455.58,1822.32
ORD-959868,2024-04-05,2024-04,7792,USA,Electronics,Laptop,9,1591.49,14323.41
ORD-302019,2024-04-14,2024-04,6201,India,Sports,Running Shoes,7,128.5,899.5
ORD-522700,2024-04-21,2024-04,7444,UK,Electronics,Keyboard,3,811.3,2433.9
ORD-628751,2024-04-08,2024-04,6212,Japan,Automotive,Air Freshener,3,58.79,176.37
ORD-978012,2024-04-25,2024-04,2939,Netherlands,Office Supplies,Sticky Notes,5,317.39,1586.95
ORD-759443,2024-04-03,2024-04,3605,Canada,Sports,Water Bottle,1,22.56,22.56
ORD-575745,2024-04-13,2024-04,3507,India,Electronics,Smartphone,3,99.32,297.96
ORD-981282,2024-04-08,2024-04,6867,Mexico,Food,Olive Oil,9,33.21,298.89
ORD-757916,2024-04-02,2024-04,5018,Mexico,Toys,Plush Toy,3,144.73,434.19
ORD-212278,2024-04-15,2024-04,1379,Canada,Office Supplies,Notebook,2,464.33,928.66
ORD-985652,2024-04-06,2024-04,3323,Sweden,Home & Garden,Picture Frame,8,55.46,443.68
ORD-177149,2024-04-16,2024-04,6921,Canada,Books,Travel Guide,7,399.77,2798.39
ORD-764327,2024-04-14,2024-04,8971,Mexico,Clothing,Sneakers,6,193.87,1163.22
ORD-761875,2024-04-01,2024-04,8387,France,Food,Honey,10,90.85,908.5
ORD-673028,2024-04-16,2024-04,1515,Australia,Clothing,Hoodie,10,497.51,4975.1
ORD-661988,2024-04-04,2024-04,1082,Sweden,Food,Pasta,1,23.32,23.32
ORD-130930,2024-04-28,2024-04,1377,Germany,Automotive,Air Freshener,4,188.8,755.2
ORD-380589,2024-04-24,2024-04,6366,Canada,Food,Olive Oil,3,70.7,212.1
ORD-589730,2024-04-12,2024-04,5483,Canada,Beauty,Lipstick,5,356.96,1784.8
ORD-820431,2024-04-07,2024-04,9123,Sweden,Toys,Drone,4,132.55,530.2
ORD-273699,2024-04-26,2024-04,5605,India,Toys,Puzzle,5,385.56,1927.8
ORD-955524,2024-04-15,2024-04,4372,Sweden,Beauty,Nail Polish,5,217.63,1088.15
ORD-470058,2024-04-13,2024-04,6222,India,Office Supplies,Notebook,10,220.36,2203.6
ORD-715377,2024-04-02,2024-04,7126,UK,Clothing,Scarf,5,479.47,2397.35
ORD-550244,2024-04-01,2024-04,7714,Japan,Home & Garden,Cushion,6,66.18,397.08
ORD-252085,2024-04-07,2024-04,4046,Canada,Sports,Water Bottle,6,331.91,1991.46
ORD-324156,2024-04-23,2024-04,6151,Australia,Clothing,T-Shirt,6,15.34,92.04
ORD-397391,2024-04-08,2024-04,8624,Sweden,Office Supplies,Desk Organizer,7,285.2,1996.4
ORD-946648,2024-04-18,2024-04,4476,Canada,Automotive,Seat Cover,10,146.24,1462.4
ORD-307775,2024-04-25,2024-04,2225,Mexico,Office Supplies,Sticky Notes,6,223.25,1339.5
ORD-225052,2024-04-02,2024-04,4229,China,Electronics,Mouse,7,1981.01,13867.07
ORD-704413,2024-04-11,2024-04,3033,India,Beauty,Perfume,4,299.67,1198.68
ORD-584202,2024-04-26,2024-04,1348,Mexico,Home & Garden,Plant Pot,1,429.49,429.49
ORD-453778,2024-04-18,2024-04,5659,USA,Food,Spices,1,92.21,92.21
ORD-388016,2024-04-27,2024-04,1266,Canada,Clothing,Scarf,5,403.23,2016.15
ORD-742064,2024-04-18,2024-04,6196,Canada,Sports,Bicycle Helmet,8,389.56,3116.48
ORD-984028,2024-04-15,2024-04,1771,Italy,Toys,Plush Toy,2,251.73,503.46
ORD-245473,2024-04-08,2024-04,7126,USA,Office Supplies,Notebook,1,33.44,33.44
ORD-955792,2024-04-06,2024-04,2722,Germany,Sports,Bicycle Helmet,6,53.13,318.78
ORD-419071,2024-04-26,2024-04,9807,France,Electronics,Laptop,1,134.0,134.0
ORD-383023,2024-04-20,2024-04,2229,Italy,Home & Garden,Cushion,7,397.9,2785.3
ORD-889614,2024-04-05,2024-04,3790,Canada,Food,Chocolate,3,35.34,106.02
ORD-793390,2024-04-17,2024-04,7771,Brazil,Beauty,Shampoo,8,127.86,1022.88
ORD-376626,2024-04-24,2024-04,9029,Spain,Home & Garden,Cushion,2,246.53,493.06
ORD-828723,2024-04-27,2024-04,5853,Brazil,Clothing,Hoodie,4,437.71,1750.84
ORD-590891,2024-04-07,2024-04,2278,USA,Clothing,Scarf,4,16.43,65.72
ORD-898598,2024-04-11,2024-04,7308,Canada,Books,Journal,10,112.24,1122.4
ORD-988990,2024-04-10,2024-04,9644,Spain,Automotive,Phone Mount,3,357.17,1071.51
ORD-750618,2024-04-12,2024-04,9265,Germany,Clothing,Jacket,8,198.93,1591.44
ORD-819602,2024-04-03,2024-04,9412,Germany,Books,Travel Guide,3,146.14,438.42
ORD-352248,2024-04-15,2024-04,6032,UK,Office Supplies,Notebook,2,439.34,878.68
ORD-574628,2024-04-01,2024-04,1271,France,Beauty,Perfume,9,243.36,2190.24
ORD-322367,2024-04-18,2024-04,6766,Sweden,Home & Garden,Candle,7,51.19,358.33
ORD-487743,2024-04-11,2024-04,3467,Brazil,Toys,Drone,5,36.05,180.25
ORD-522253,2024-04-14,2024-04,2602,Italy,Electronics,Keyboard,4,428.17,1712.68
ORD-214488,2024-04-20,2024-04,3894,Brazil,Office Supplies,Whiteboard,7,251.87,1763.09
ORD-703172,2024-04-04,2024-04,1817,Germany,Books,Textbook,1,36.04,36.04
ORD-833491,2024-04-04,2024-04,5361,Brazil,Books,Textbook,10,144.98,1449.8
ORD-619225,2024-04-08,2024-04,7628,Canada,Toys,Drone,5,369.62,1848.1
ORD-401967,2024-04-21,2024-04,4370,Australia,Food,Olive Oil,10,32.36,323.6
ORD-993978,2024-04-23,2024-04,1050,Brazil,Clothing,Jacket,5,314.84,1574.2
ORD-577328,2024-04-03,2024-04,4909,Mexico,Food,Rice,6,20.83,124.98
ORD-180716,2024-04-11,2024-04,3323,Japan,Electronics,Mouse,5,90.61,453.05
ORD-595523,2024-04-19,2024-04,3797,China,Electronics,Monitor,4,51.96,207.84
ORD-650784,2024-04-22,2024-04,2792,India,Electronics,Laptop,4,1981.31,7925.24
ORD-574602,2024-04-04,2024-04,9243,Spain,Food,Honey,6,14.5,87.0
ORD-114219,2024-04-16,2024-04,9039,Mexico,Sports,Tennis Racket,8,134.23,1073.84
ORD-607882,2024-04-17,2024-04,6777,Sweden,Home & Garden,Cushion,10,389.52,3895.2
ORD-474545,2024-04-14,2024-04,2847,UK,Home & Garden,Plant Pot,3,429.57,1288.71
ORD-476879,2024-04-24,2024-04,9156,India,Electronics,Headphones,7,1406.82,9847.74
ORD-757343,2024-04-13,2024-04,4380,Sweden,Clothing,Sneakers,5,322.98,1614.9
ORD-510020,2024-04-22,2024-04,9927,France,Beauty,Perfume,6,180.93,1085.58
ORD-974692,2024-04-02,2024-04,7836,Germany,Home & Garden,Picture Frame,6,293.96,1763.76
ORD-215543,2024-04-26,2024-04,3014,India,Toys,Art Set,5,398.25,1991.25
ORD-754096,2024-04-22,2024-04,1136,China,Beauty,Perfume,5,83.61,418.05
ORD-575904,2024-04-03,2024-04,3664,France,Home & Garden,Clock,1,401.89,401.89
ORD-420677,2024-04-19,2024-04,1670,Netherlands,Books,Comic,8,70.48,563.84
ORD-244408,2024-04-27,2024-04,1083,Mexico,Toys,Card Game,5,10.31,51.55
ORD-553038,2024-04-23,2024-04,6737,Canada,Home & Garden,Throw Blanket,4,142.63,570.52
ORD-951138,2024-04-16,2024-04,2322,USA,Home & Garden,Vase,4,467.14,1868.56
ORD-726040,2024-04-04,2024-04,7328,Sweden,Toys,Drone,5,447.59,2237.95
ORD-816514,2024-04-11,2024-04,6091,Mexico,Food,Spices,3,81.42,244.26
ORD-189755,2024-04-18,2024-04,4268,Japan,Home & Garden,Throw Blanket,5,107.77,538.85
ORD-200707,2024-04-06,2024-04,5871,Brazil,Office Supplies,Envelope,7,194.22,1359.54
ORD-471399,2024-05-22,2024-05,9627,Brazil,Beauty,Face Mask,8,359.17,2873.36
ORD-127705,2024-05-15,2024-05,8006,Japan,Beauty,Nail Polish,9,23.56,212.04
ORD-637087,2024-05-10,2024-05,7896,India,Clothing,Jacket,10,395.45,3954.5
ORD-522515,2024-05-25,2024-05,7113,USA,Food,Pasta,3,85.29,255.87
ORD-970207,2024-05-02,2024-05,1097,Netherlands,Beauty,Brush Set,5,51.48,257.4
ORD-163821,2024-05-10,2024-05,2753,Netherlands,Sports,Dumbbells,6,287.07,1722.42
ORD-876390,2024-05-07,2024-05,2989,Italy,Office Supplies,Pen,9,262.97,2366.73
ORD-415508,2024-05-22,2024-05,9115,Sweden,Food,Olive Oil,3,65.77,197.31
ORD-100037,2024-05-23,2024-05,6093,India,Electronics,Mouse,2,441.36,882.72
ORD-596754,2024-05-04,2024-05,3507,Brazil,Office Supplies,Notebook,2,131.13,262.26
ORD-524209,2024-05-02,2024-05,1403,Japan,Automotive,Oil Filter,5,463.76,2318.8
ORD-814416,2024-05-28,2024-05,8925,Netherlands,Food,Olive Oil,10,56.94,569.4
ORD-248568,2024-05-05,2024-05,8194,Japan,Office Supplies,Notebook,3,321.74,965.22
ORD-717363,2024-05-16,2024-05,4943,China,Food,Olive Oil,2,32.55,65.1
ORD-586501,2024-05-13,2024-05,9076,Japan,Sports,Tennis Racket,2,351.85,703.7
ORD-508346,2024-05-10,2024-05,7830,USA,Toys,Lego Set,10,233.97,2339.7
ORD-566070,2024-05-21,2024-05,1180,USA,Office Supplies,Whiteboard,10,328.71,3287.1
ORD-266004,2024-05-24,2024-05,1698,China,Sports,Running Shoes,1,234.59,234.59
ORD-165814,2024-05-23,2024-05,6861,Australia,Automotive,Seat Cover,9,267.28,2405.52
ORD-849923,2024-05-24,2024-05,3858,Mexico,Food,Rice,8,58.5,468.0
ORD-494812,2024-05-13,2024-05,3294,Sweden,Home & Garden,Picture Frame,8,43.42,347.36
ORD-371818,2024-05-23,2024-05,8729,India,Office Supplies,Stapler,9,464.43,4179.87
ORD-147111,2024-05-20,2024-05,3120,India,Sports,Basketball,2,416.64,833.28
ORD-439381,2024-05-22,2024-05,1483,Canada,Food,Olive Oil,8,15.09,120.72
ORD-892528,2024-05-06,2024-05,4793,Sweden,Books,Textbook,7,366.8,2567.6
ORD-562976,2024-05-09,2024-05,7882,India,Clothing,T-Shirt,2,66.09,132.18
ORD-495972,2024-05-06,2024-05,7132,Sweden,Office Supplies,Pen,8,167.37,1338.96
ORD-336450,2024-05-09,2024-05,3182,Germany,Office Supplies,Paper Clips,5,250.64,1253.2
ORD-190196,2024-05-17,2024-05,4296,Netherlands,Food,Spices,4,81.82,327.28
ORD-477027,2024-05-26,2024-05,1397,USA,Clothing,Sneakers,1,78.88,78.88
ORD-620277,2024-05-06,2024-05,7685,Australia,Office Supplies,Notebook,9,344.36,3099.24
ORD-994877,2024-05-12,2024-05,4115,Brazil,Books,Journal,9,184.68,1662.12
ORD-696799,2024-05-21,2024-05,3258,Japan,Clothing,Scarf,2,194.3,388.6
ORD-730707,2024-05-04,2024-05,2280,Canada,Food,Pasta,1,52.38,52.38
ORD-509391,2024-05-27,2024-05,9856,Germany,Sports,Yoga Mat,5,470.9,2354.5
ORD-994640,2024-05-03,2024-05,6863,France,Clothing,Jacket,4,271.87,1087.48
ORD-711081,2024-05-20,2024-05,9482,Japan,Office Supplies,Whiteboard,2,37.76,75.52
ORD-450791,2024-05-11,2024-05,8716,USA,Home & Garden,Plant Pot,4,216.49,865.96
ORD-347062,2024-05-27,2024-05,1973,Brazil,Food,Olive Oil,1,74.72,74.72
ORD-875201,2024-05-03,2024-05,9086,Australia,Clothing,T-Shirt,10,475.45,4754.5
ORD-137329,2024-05-09,2024-05,2320,UK,Automotive,Oil Filter,2,364.43,728.86
ORD-919506,2024-05-12,2024-05,9136,Mexico,Automotive,Seat Cover,5,221.44,1107.2
ORD-660134,2024-05-25,2024-05,4731,USA,Electronics,Laptop,4,1574.55,6298.2
ORD-550592,2024-05-13,2024-05,7215,USA,Electronics,Mouse,3,1543.08,4629.24
ORD-485570,2024-05-15,2024-05,7993,Canada,Automotive,Air Freshener,10,67.82,678.2
ORD-717210,2024-05-02,2024-05,6763,Japan,Books,Dictionary,2,126.7,253.4
ORD-695642,2024-05-25,2024-05,1164,Italy,Books,Travel Guide,9,445.28,4007.52
ORD-559859,2024-05-02,2024-05,1750,Netherlands,Electronics,Headphones,3,199.39,598.17
ORD-406616,2024-05-12,2024-05,3958,Australia,Home & Garden,Plant Pot,4,305.18,1220.72
ORD-180088,2024-05-22,2024-05,3125,China,Office Supplies,Sticky Notes,2,69.96,139.92
ORD-330987,2024-05-23,2024-05,5099,China,Automotive,Seat Cover,6,370.26,2221.56
ORD-652436,2024-05-18,2024-05,8266,Spain,Home & Garden,Cushion,4,153.41,613.64
ORD-609825,2024-05-12,2024-05,5383,USA,Sports,Dumbbells,10,451.21,4512.1
ORD-341734,2024-05-05,2024-05,5583,Sweden,Clothing,Sneakers,9,422.3,3800.7
ORD-137609,2024-05-12,2024-05,5996,Canada,Automotive,Seat Cover,3,365.21,1095.63
ORD-383428,2024-05-01,2024-05,4851,Canada,Beauty,Brush Set,1,254.46,254.46
ORD-392649,2024-05-27,2024-05,5554,France,Office Supplies,Sticky Notes,1,482.9,482.9
ORD-335351,2024-05-13,2024-05,7290,Netherlands,Beauty,Moisturizer,1,198.48,198.48
ORD-132826,2024-05-14,2024-05,4370,Mexico,Toys,Lego Set,5,270.92,1354.6
ORD-968386,2024-05-20,2024-05,9872,Sweden,Sports,Yoga Mat,6,379.69,2278.14
ORD-555161,2024-05-01,2024-05,5301,Spain,Office Supplies,Paper Clips,10,177.06,1770.6
ORD-660737,2024-05-13,2024-05,8004,Brazil,Electronics,Smartphone,5,1907.32,9536.6
ORD-238278,2024-05-13,2024-05,8594,UK,Toys,Plush Toy,4,238.99,955.96
ORD-453928,2024-05-08,2024-05,1248,Canada,Home & Garden,Picture Frame,5,387.96,1939.8
ORD-112938,2024-05-09,2024-05,7465,Australia,Electronics,Camera,10,1335.5,13355.0
ORD-585201,2024-05-09,2024-05,3036,Netherlands,Home & Garden,Cushion,8,425.32,3402.56
ORD-768722,2024-05-02,2024-05,1282,China,Beauty,Moisturizer,8,483.28,3866.24
ORD-678235,2024-05-03,2024-05,4569,India,Toys,Board Game,10,145.46,1454.6
ORD-372148,2024-05-09,2024-05,6145,UK,Clothing,Scarf,5,385.33,1926.65
ORD-787842,2024-05-06,2024-05,9108,Mexico,Food,Olive Oil,10,18.96,189.6
ORD-561697,2024-05-02,2024-05,1812,Mexico,Books,Textbook,9,100.29,902.61
ORD-116901,2024-05-23,2024-05,6199,USA,Electronics,Headphones,5,1984.34,9921.7
ORD-631562,2024-05-08,2024-05,6789,India,Automotive,Car Charger,2,181.37,362.74
ORD-969414,2024-05-07,2024-05,8271,Germany,Clothing,Jeans,6,169.64,1017.84
ORD-736450,2024-05-10,2024-05,7815,Sweden,Clothing,Shorts,6,80.11,480.66
ORD-752126,2024-05-21,2024-05,6902,Sweden,Sports,Bicycle Helmet,5,193.61,968.05
ORD-126775,2024-05-10,2024-05,1510,USA,Food,Rice,10,93.38,933.8
ORD-921524,2024-05-11,2024-05,2740,Spain,Office Supplies,Paper Clips,9,260.29,2342.61
ORD-499601,2024-05-19,2024-05,6636,Netherlands,Books,Travel Guide,3,25.97,77.91
ORD-869603,2024-05-17,2024-05,2285,India,Clothing,Sneakers,9,498.93,4490.37
ORD-595273,2024-05-17,2024-05,7849,Netherlands,Automotive,Dash Camera,10,401.12,4011.2
ORD-407301,2024-05-09,2024-05,9592,Australia,Automotive,Oil Filter,10,105.56,1055.6
ORD-577963,2024-05-25,2024-05,4998,Spain,Sports,Water Bottle,4,488.96,1955.84
ORD-479459,2024-05-24,2024-05,6157,China,Clothing,Sneakers,7,479.23,3354.61
ORD-341539,2024-05-12,2024-05,2305,Sweden,Sports,Dumbbells,10,330.13,3301.3
ORD-663731,2024-05-27,2024-05,8355,India,Toys,Action Figure,3,415.12,1245.36
ORD-429089,2024-05-09,2024-05,5013,India,Toys,Lego Set,6,399.97,2399.82
ORD-618206,2024-05-17,2024-05,2932,Japan,Clothing,Shorts,10,491.79,4917.9
ORD-902694,2024-05-06,2024-05,4245,USA,Food,Chocolate,5,16.47,82.35
ORD-823566,2024-05-02,2024-05,8698,Netherlands,Clothing,Jacket,1,418.59,418.59
ORD-542875,2024-05-28,2024-05,3735,Brazil,Clothing,Jacket,7,269.36,1885.52
ORD-224811,2024-05-18,2024-05,6805,Italy,Food,Spices,5,27.94,139.7
ORD-570700,2024-05-02,2024-05,6518,Italy,Sports,Dumbbells,6,46.14,276.84
ORD-869070,2024-05-25,2024-05,7699,France,Beauty,Nail Polish,3,243.78,731.34
ORD-806642,2024-05-01,2024-05,4005,UK,Office Supplies,Notebook,6,300.84,1805.04
ORD-392866,2024-05-06,2024-05,8430,China,Toys,Card Game,10,259.25,2592.5
ORD-650705,2024-05-11,2024-05,2587,China,Books,Comic,9,33.66,302.94
ORD-250152,2024-05-13,2024-05,9326,Australia,Toys,Plush Toy,3,166.1,498.3
ORD-429638,2024-05-09,2024-05,1687,Brazil,Books,Travel Guide,10,291.82,2918.2
ORD-560237,2024-05-04,2024-05,2629,UK,Sports,Tennis Racket,8,151.04,1208.32
ORD-342928,2024-05-09,2024-05,4664,Sweden,Food,Pasta,2,98.94,197.88
ORD-128678,2024-05-18,2024-05,5565,Germany,Food,Green Tea,3,84.69,254.07
ORD-487491,2024-05-16,2024-05,1651,USA,Automotive,Seat Cover,1,417.93,417.93
ORD-409268,2024-05-15,2024-05,4328,Italy,Home & Garden,Lamp,8,265.24,2121.92
ORD-243464,2024-05-14,2024-05,2795,Sweden,Clothing,Scarf,2,251.7,503.4
ORD-862693,2024-05-03,2024-05,5562,Spain,Clothing,Hoodie,4,374.7,1498.8
ORD-804728,2024-05-11,2024-05,2218,Brazil,Sports,Running Shoes,9,145.29,1307.61
ORD-432951,2024-05-04,2024-05,2213,Japan,Sports,Yoga Mat,9,466.86,4201.74
ORD-714825,2024-05-21,2024-05,4119,Mexico,Automotive,Car Charger,3,13.91,41.73
ORD-869194,2024-05-16,2024-05,7163,France,Books,Biography,3,84.2,252.6
ORD-998794,2024-05-21,2024-05,9138,Germany,Home & Garden,Throw Blanket,9,439.17,3952.53
ORD-844479,2024-05-16,2024-05,4509,Canada,Electronics,Keyboard,4,1137.59,4550.36
ORD-346117,2024-05-09,2024-05,3918,Italy,Electronics,Keyboard,10,1246.09,12460.9
ORD-800423,2024-05-10,2024-05,6713,Sweden,Beauty,Perfume,5,421.94,2109.7
ORD-201222,2024-05-12,2024-05,8947,India,Beauty,Nail Polish,5,276.27,1381.35
ORD-221445,2024-05-15,2024-05,4586,Japan,Clothing,Dress,7,169.44,1186.08
ORD-839056,2024-05-04,2024-05,3886,Mexico,Beauty,Face Mask,7,180.31,1262.17
ORD-405062,2024-05-14,2024-05,3098,India,Beauty,Brush Set,1,346.74,346.74
ORD-689569,2024-05-28,2024-05,5389,Sweden,Automotive,Seat Cover,1,393.59,393.59
ORD-518045,2024-05-13,2024-05,6295,Japan,Home & Garden,Cushion,7,406.42,2844.94
ORD-423496,2024-05-24,2024-05,5271,China,Electronics,Camera,1,476.95,476.95
ORD-743095,2024-05-06,2024-05,8334,India,Toys,Action Figure,2,272.65,545.3
ORD-918343,2024-05-01,2024-05,6401,Italy,Food,Organic Coffee,2,81.23,162.46
ORD-661483,2024-05-02,2024-05,6460,Mexico,Sports,Dumbbells,6,264.14,1584.84
ORD-492041,2024-05-23,2024-05,4251,Netherlands,Food,Spices,3,26.79,80.37
ORD-137827,2024-05-24,2024-05,6431,Brazil,Toys,Action Figure,1,131.86,131.86
ORD-264569,2024-05-13,2024-05,1328,Brazil,Automotive,Dash Camera,1,397.76,397.76
ORD-135418,2024-05-21,2024-05,5638,Germany,Home & Garden,Plant Pot,4,388.48,1553.92
ORD-189041,2024-05-13,2024-05,5463,Mexico,Clothing,Shorts,5,74.28,371.4
ORD-734254,2024-05-01,2024-05,2253,USA,Clothing,Shorts,9,373.9,3365.1
ORD-922892,2024-05-27,2024-05,3487,Germany,Clothing,Shorts,5,306.79,1533.95
ORD-377107,2024-05-09,2024-05,6303,France,Toys,Board Game,2,234.86,469.72
ORD-688247,2024-05-03,2024-05,8723,Japan,Toys,Plush Toy,7,118.9,832.3
ORD-500984,2024-05-23,2024-05,5563,Sweden,Beauty,Sunscreen,4,271.27,1085.08
ORD-574239,2024-05-25,2024-05,1282,Australia,Beauty,Nail Polish,2,277.82,555.64
ORD-599967,2024-05-25,2024-05,4671,Japan,Office Supplies,Pen,6,123.74,742.44
ORD-200022,2024-05-26,2024-05,2785,UK,Home & Garden,Cushion,2,318.66,637.32
ORD-746435,2024-05-08,2024-05,3773,India,Books,Journal,7,51.11,357.77
ORD-426584,2024-05-25,2024-05,8758,USA,Automotive,Seat Cover,7,251.77,1762.39
ORD-105842,2024-05-23,2024-05,6535,Australia,Food,Organic Coffee,7,58.7,410.9
ORD-437471,2024-05-16,2024-05,5393,Brazil,Books,Journal,4,163.38,653.52
ORD-493935,2024-05-04,2024-05,8559,Sweden,Beauty,Shampoo,2,218.59,437.18
ORD-558858,2024-05-24,2024-05,3085,Brazil,Electronics,Tablet,4,286.88,1147.52
ORD-610859,2024-05-06,2024-05,2862,China,Electronics,Keyboard,9,1271.02,11439.18
ORD-408515,2024-05-01,2024-05,3291,Japan,Automotive,Wiper,7,155.41,1087.87
ORD-248391,2024-05-12,2024-05,5441,India,Automotive,Phone Mount,3,286.27,858.81
ORD-644609,2024-05-20,2024-05,5754,Spain,Automotive,Seat Cover,6,476.48,2858.88
ORD-272216,2024-05-11,2024-05,5116,Germany,Beauty,Brush Set,3,464.27,1392.81
ORD-170304,2024-05-14,2024-05,9591,Australia,Beauty,Moisturizer,8,97.82,782.56
ORD-447115,2024-05-23,2024-05,1091,Germany,Home & Garden,Vase,8,55.99,447.92
ORD-337009,2024-05-06,2024-05,2551,India,Electronics,Mouse,9,180.21,1621.89
ORD-712859,2024-05-10,2024-05,6651,France,Electronics,Headphones,7,1650.47,11553.29
ORD-181239,2024-05-09,2024-05,6009,Sweden,Sports,Bicycle Helmet,4,284.95,1139.8
ORD-232858,2024-05-06,2024-05,3497,France,Clothing,Sneakers,2,138.84,277.68
ORD-734152,2024-05-19,2024-05,9557,Australia,Office Supplies,Sticky Notes,10,388.27,3882.7
ORD-326957,2024-05-06,2024-05,5542,Germany,Office Supplies,Envelope,4,11.31,45.24
ORD-439044,2024-05-06,2024-05,2496,UK,Office Supplies,Stapler,1,242.98,242.98
ORD-442978,2024-05-26,2024-05,2274,Brazil,Electronics,Tablet,8,907.39,7259.12
ORD-840551,2024-05-18,2024-05,5957,Germany,Automotive,Dash Camera,7,202.69,1418.83
ORD-734787,2024-05-17,2024-05,8773,Netherlands,Sports,Tennis Racket,2,165.32,330.64
ORD-563100,2024-05-05,2024-05,4504,Italy,Food,Pasta,9,84.79,763.11
ORD-126524,2024-05-14,2024-05,9029,Brazil,Home & Garden,Candle,3,329.53,988.59
ORD-300261,2024-05-14,2024-05,6991,Italy,Beauty,Face Mask,9,114.75,1032.75
ORD-563555,2024-05-24,2024-05,7266,Sweden,Sports,Running Shoes,4,497.76,1991.04
ORD-486785,2024-05-19,2024-05,6914,USA,Automotive,Seat Cover,2,162.09,324.18
ORD-772844,2024-05-09,2024-05,5157,India,Automotive,Car Charger,5,26.43,132.15
ORD-699975,2024-05-23,2024-05,8843,Italy,Toys,Board Game,1,133.99,133.99
ORD-946652,2024-05-06,2024-05,1498,China,Beauty,Brush Set,9,241.99,2177.91
ORD-839916,2024-05-20,2024-05,2702,USA,Electronics,Monitor,3,1793.82,5381.46
ORD-564915,2024-05-27,2024-05,3898,Japan,Food,Green Tea,1,85.35,85.35
ORD-786927,2024-05-18,2024-05,2021,Netherlands,Sports,Dumbbells,4,145.96,583.84
ORD-857213,2024-05-23,2024-05,1273,Sweden,Sports,Basketball,10,92.91,929.1
ORD-168110,2024-05-13,2024-05,7000,Mexico,Automotive,Car Charger,1,214.03,214.03
ORD-146670,2024-05-09,2024-05,4161,Italy,Automotive,Air Freshener,8,51.14,409.12
ORD-426279,2024-05-17,2024-05,5514,Italy,Office Supplies,Paper Clips,1,210.53,210.53
ORD-693692,2024-05-11,2024-05,5485,Canada,Automotive,Phone Mount,2,238.46,476.92
ORD-294677,2024-05-03,2024-05,8585,Sweden,Clothing,Jeans,2,99.43,198.86
ORD-768934,2024-05-06,2024-05,6201,Spain,Office Supplies,Pen,4,396.48,1585.92
ORD-977981,2024-05-24,2024-05,7136,Sweden,Beauty,Shampoo,5,472.19,2360.95
ORD-392514,2024-05-13,2024-05,4130,USA,Food,Pasta,3,72.06,216.18
ORD-308902,2024-05-08,2024-05,3300,Japan,Office Supplies,Desk Organizer,5,419.28,2096.4
ORD-472405,2024-05-15,2024-05,3901,Italy,Home & Garden,Picture Frame,8,139.63,1117.04
ORD-138515,2024-05-21,2024-05,6957,Netherlands,Sports,Jump Rope,3,346.65,1039.95
ORD-317523,2024-05-14,2024-05,7318,Italy,Food,Olive Oil,5,37.96,189.8
ORD-328856,2024-05-17,2024-05,6606,Canada,Automotive,Floor Mat,5,388.97,1944.85
ORD-598293,2024-05-04,2024-05,8662,Sweden,Home & Garden,Plant Pot,3,263.34,790.02
ORD-135494,2024-05-19,2024-05,3290,Australia,Beauty,Face Mask,10,195.18,1951.8
ORD-450971,2024-05-01,2024-05,6281,Netherlands,Clothing,Hoodie,8,87.79,702.32
ORD-673338,2024-05-12,2024-05,6516,Sweden,Clothing,Jacket,8,160.08,1280.64
ORD-828234,2024-05-20,2024-05,4050,Spain,Electronics,Mouse,10,940.07,9400.7
ORD-730133,2024-05-08,2024-05,8126,Netherlands,Toys,Art Set,6,133.76,802.56
ORD-900244,2024-05-02,2024-05,6535,France,Beauty,Nail Polish,4,485.68,1942.72
ORD-520216,2024-05-25,2024-05,9306,Japan,Clothing,Shorts,10,141.99,1419.9
ORD-308102,2024-05-10,2024-05,1467,Sweden,Food,Honey,9,89.23,803.07
ORD-931377,2024-05-02,2024-05,3286,Spain,Food,Rice,5,97.18,485.9
ORD-310141,2024-05-06,2024-05,3317,Japan,Sports,Jump Rope,3,235.69,707.07
ORD-557754,2024-05-06,2024-05,3819,Canada,Home & Garden,Picture Frame,4,125.73,502.92
ORD-105184,2024-05-18,2024-05,2477,Mexico,Books,Cookbook,6,424.38,2546.28
ORD-832723,2024-05-16,2024-05,8820,Canada,Food,Rice,7,57.23,400.61
ORD-506400,2024-05-15,2024-05,4481,Netherlands,Beauty,Nail Polish,2,356.05,712.1
ORD-959613,2024-05-25,2024-05,3105,Japan,Sports,Running Shoes,5,170.28,851.4
ORD-128202,2024-05-03,2024-05,7956,Brazil,Office Supplies,Sticky Notes,10,179.96,1799.6
ORD-625814,2024-05-08,2024-05,4632,Spain,Office Supplies,Stapler,6,190.87,1145.22
ORD-624235,2024-05-03,2024-05,1026,Sweden,Office Supplies,Sticky Notes,3,326.33,978.99
ORD-785815,2024-05-14,2024-05,4079,France,Electronics,Headphones,7,231.06,1617.42
ORD-136518,2024-05-10,2024-05,3947,France,Toys,Lego Set,8,199.54,1596.32
ORD-587506,2024-05-13,2024-05,5276,UK,Toys,Lego Set,2,344.35,688.7
ORD-268698,2024-05-28,2024-05,2353,Mexico,Sports,Dumbbells,1,208.19,208.19
ORD-542978,2024-05-15,2024-05,6226,Mexico,Food,Spices,7,6.1,42.7
ORD-946331,2024-05-24,2024-05,1893,France,Home & Garden,Lamp,10,320.72,3207.2
ORD-482585,2024-05-16,2024-05,8377,Spain,Automotive,Phone Mount,9,358.89,3230.01
ORD-257692,2024-05-25,2024-05,2829,Brazil,Food,Spices,2,41.43,82.86
ORD-556013,2024-05-17,2024-05,1113,Germany,Sports,Tennis Racket,8,408.29,3266.32
ORD-484936,2024-05-04,2024-05,1795,USA,Beauty,Sunscreen,8,435.27,3482.16
ORD-904083,2024-05-14,2024-05,1820,France,Office Supplies,Desk Organizer,5,175.36,876.8
ORD-568472,2024-05-10,2024-05,1385,UK,Automotive,Floor Mat,1,184.87,184.87
ORD-657075,2024-05-04,2024-05,6318,India,Home & Garden,Plant Pot,1,185.05,185.05
ORD-763664,2024-05-18,2024-05,7491,Canada,Books,Cookbook,3,56.34,169.02
ORD-965674,2024-05-15,2024-05,9084,Australia,Toys,Plush Toy,4,347.61,1390.44
ORD-253878,2024-05-03,2024-05,9577,USA,Office Supplies,Envelope,1,170.03,170.03
ORD-520205,2024-05-21,2024-05,2656,Australia,Toys,Puzzle,7,377.14,2639.98
ORD-977504,2024-05-21,2024-05,1366,Italy,Food,Pasta,2,75.56,151.12
ORD-639009,2024-05-09,2024-05,8101,India,Clothing,Sneakers,10,497.51,4975.1
ORD-388134,2024-05-19,2024-05,9833,Australia,Books,Novel,7,241.73,1692.11
ORD-385925,2024-05-13,2024-05,4042,India,Home & Garden,Plant Pot,5,455.78,2278.9
ORD-388115,2024-05-26,2024-05,1082,USA,Toys,Action Figure,3,213.02,639.06
ORD-331795,2024-05-08,2024-05,5375,Canada,Beauty,Face Mask,6,120.16,720.96
ORD-716472,2024-05-23,2024-05,2044,Italy,Office Supplies,Whiteboard,8,308.56,2468.48
ORD-113177,2024-05-13,2024-05,7893,Brazil,Office Supplies,Desk Organizer,9,243.05,2187.45
ORD-995857,2024-05-27,2024-05,6618,Australia,Sports,Basketball,8,227.75,1822.0
ORD-792792,2024-05-13,2024-05,9175,Mexico,Books,Cookbook,1,135.29,135.29
ORD-487125,2024-05-07,2024-05,2287,Canada,Beauty,Face Mask,9,376.53,3388.77
ORD-755216,2024-05-22,2024-05,5981,China,Home & Garden,Cushion,3,239.02,717.06
ORD-887887,2024-05-14,2024-05,3731,India,Office Supplies,Desk Organizer,1,213.54,213.54
ORD-496811,2024-05-13,2024-05,5651,Germany,Automotive,Oil Filter,3,461.38,1384.14
ORD-403404,2024-05-07,2024-05,3023,Germany,Clothing,Shorts,10,496.14,4961.4
ORD-538493,2024-05-14,2024-05,3926,Brazil,Food,Spices,4,38.44,153.76
ORD-626704,2024-05-04,2024-05,5569,Mexico,Sports,Basketball,6,335.47,2012.82
ORD-400189,2024-05-28,2024-05,9775,Germany,Automotive,Wiper,8,207.94,1663.52
ORD-899995,2024-05-10,2024-05,8363,Japan,Food,Honey,6,5.32,31.92
ORD-530224,2024-05-19,2024-05,8602,Japan,Food,Green Tea,7,67.04,469.28
ORD-728692,2024-05-20,2024-05,4094,UK,Electronics,Headphones,2,1258.84,2517.68
ORD-817606,2024-05-08,2024-05,7697,India,Electronics,Monitor,8,374.59,2996.72
ORD-678874,2024-05-20,2024-05,2490,Italy,Sports,Yoga Mat,7,442.92,3100.44
ORD-283722,2024-05-12,2024-05,9377,China,Books,Cookbook,4,364.3,1457.2
ORD-317062,2024-05-10,2024-05,8736,UK,Books,Dictionary,1,41.76,41.76
ORD-935456,2024-05-20,2024-05,8555,Mexico,Beauty,Lipstick,4,227.39,909.56
ORD-356757,2024-05-20,2024-05,3897,Spain,Beauty,Shampoo,3,420.56,1261.68
ORD-645015,2024-05-02,2024-05,8572,Italy,Clothing,T-Shirt,7,344.19,2409.33
ORD-226858,2024-05-14,2024-05,8703,Spain,Toys,Puzzle,9,479.21,4312.89
ORD-951089,2024-05-27,2024-05,9751,China,Electronics,Mouse,5,1465.76,7328.8
ORD-549407,2024-05-23,2024-05,7527,Japan,Electronics,Monitor,8,1858.41,14867.28
ORD-890183,2024-05-09,2024-05,3032,Netherlands,Clothing,Jacket,10,381.39,3813.9
ORD-934197,2024-05-22,2024-05,2831,Japan,Food,Rice,4,37.28,149.12
ORD-580501,2024-05-11,2024-05,8906,Canada,Books,Comic,2,324.6,649.2
ORD-925621,2024-05-10,2024-05,9053,Australia,Books,Comic,6,347.71,2086.26
ORD-647125,2024-05-02,2024-05,8378,India,Home & Garden,Picture Frame,3,383.05,1149.15
ORD-421559,2024-05-12,2024-05,5725,Sweden,Electronics,Headphones,5,1148.9,5744.5
ORD-261943,2024-05-23,2024-05,3593,China,Office Supplies,Whiteboard,5,225.53,1127.65
ORD-129365,2024-05-13,2024-05,3106,Netherlands,Food,Pasta,4,29.44,117.76
ORD-856169,2024-05-19,2024-05,4467,UK,Office Supplies,Whiteboard,6,15.91,95.46
ORD-775127,2024-05-20,2024-05,9332,China,Automotive,Wiper,6,451.0,2706.0
ORD-779872,2024-05-12,2024-05,3553,Brazil,Office Supplies,Desk Organizer,8,195.21,1561.68
ORD-801229,2024-05-16,2024-05,3770,UK,Automotive,Oil Filter,1,449.6,449.6
ORD-738206,2024-05-07,2024-05,2060,France,Sports,Water Bottle,5,119.91,599.55
ORD-980779,2024-05-15,2024-05,2959,China,Books,Dictionary,1,289.01,289.01
ORD-445521,2024-05-22,2024-05,9587,Australia,Books,Biography,2,26.09,52.18
ORD-183306,2024-05-18,2024-05,9313,Brazil,Clothing,Dress,9,424.84,3823.56
ORD-823201,2024-05-09,2024-05,1917,Germany,Beauty,Lipstick,3,400.66,1201.98
ORD-678788,2024-05-02,2024-05,5015,UK,Books,Journal,5,489.89,2449.45
ORD-647941,2024-05-27,2024-05,5546,Italy,Clothing,Sneakers,3,459.56,1378.68
ORD-600466,2024-05-08,2024-05,5960,Germany,Electronics,Headphones,10,1192.07,11920.7
ORD-601532,2024-05-26,2024-05,8606,Australia,Clothing,T-Shirt,4,320.61,1282.44
ORD-325437,2024-05-07,2024-05,2907,China,Beauty,Shampoo,10,58.94,589.4
ORD-854955,2024-05-14,2024-05,8982,India,Home & Garden,Plant Pot,2,431.96,863.92
ORD-383894,2024-05-09,2024-05,8252,USA,Books,Journal,10,379.73,3797.3
ORD-377033,2024-05-16,2024-05,9070,Brazil,Food,Rice,5,53.85,269.25
ORD-756326,2024-05-22,2024-05,9719,France,Books,Dictionary,5,285.02,1425.1
ORD-593361,2024-05-01,2024-05,8209,China,Clothing,Jacket,9,166.41,1497.69
ORD-199161,2024-05-25,2024-05,9122,Canada,Food,Honey,5,46.04,230.2
ORD-323573,2024-05-25,2024-05,8261,Germany,Sports,Running Shoes,4,63.27,253.08
ORD-818008,2024-05-25,2024-05,6033,Australia,Automotive,Floor Mat,2,269.9,539.8
ORD-301225,2024-05-22,2024-05,5916,India,Office Supplies,Paper Clips,3,85.75,257.25
ORD-596789,2024-05-22,2024-05,7491,India,Food,Honey,9,19.93,179.37
ORD-488802,2024-05-09,2024-05,7830,Sweden,Home & Garden,Vase,5,241.27,1206.35
ORD-571552,2024-05-12,2024-05,3375,Italy,Home & Garden,Cushion,6,416.32,2497.92
ORD-157994,2024-05-14,2024-05,6046,Spain,Toys,Drone,7,12.78,89.46
ORD-318742,2024-05-25,2024-05,7697,China,Sports,Running Shoes,4,144.36,577.44
ORD-441505,2024-05-11,2024-05,5193,USA,Home & Garden,Cushion,7,219.47,1536.29
ORD-268210,2024-05-09,2024-05,4267,Netherlands,Books,Journal,4,62.35,249.4
ORD-361982,2024-05-25,2024-05,6332,USA,Beauty,Brush Set,8,333.11,2664.88
ORD-389455,2024-05-04,2024-05,5589,USA,Office Supplies,Sticky Notes,6,37.5,225.0
ORD-886249,2024-05-10,2024-05,9812,Sweden,Sports,Jump Rope,3,64.41,193.23
ORD-413372,2024-05-05,2024-05,2212,Netherlands,Sports,Bicycle Helmet,10,438.24,4382.4
ORD-899840,2024-05-08,2024-05,4276,China,Automotive,Dash Camera,9,170.64,1535.76
ORD-924076,2024-05-01,2024-05,5271,Italy,Automotive,Floor Mat,2,78.83,157.66
ORD-338742,2024-05-07,2024-05,6143,Italy,Sports,Jump Rope,8,100.23,801.84
ORD-883968,2024-06-23,2024-06,6934,Mexico,Sports,Water Bottle,10,136.92,1369.2
ORD-936865,2024-06-14,2024-06,1379,Mexico,Food,Green Tea,8,45.6,364.8
ORD-558444,2024-06-17,2024-06,1786,Sweden,Automotive,Car Charger,10,193.0,1930.0
ORD-449964,2024-06-18,2024-06,1525,Spain,Automotive,Phone Mount,10,251.08,2510.8
ORD-937383,2024-06-25,2024-06,2099,Brazil,Clothing,Jeans,3,65.04,195.12
ORD-904378,2024-06-21,2024-06,9413,India,Clothing,Scarf,2,496.55,993.1
ORD-176573,2024-06-24,2024-06,8060,China,Home & Garden,Clock,6,84.58,507.48
ORD-122527,2024-06-17,2024-06,3976,China,Office Supplies,Desk Organizer,7,392.75,2749.25
ORD-108952,2024-06-20,2024-06,7577,USA,Office Supplies,Whiteboard,1,415.83,415.83
ORD-807304,2024-06-09,2024-06,4690,UK,Sports,Bicycle Helmet,10,429.23,4292.3
ORD-471872,2024-06-22,2024-06,6351,Mexico,Automotive,Oil Filter,10,108.16,1081.6
ORD-659333,2024-06-10,2024-06,3500,Germany,Books,Cookbook,1,98.98,98.98
ORD-790138,2024-06-11,2024-06,1646,Canada,Food,Rice,4,87.7,350.8
ORD-327788,2024-06-14,2024-06,4421,UK,Books,Comic,4,495.59,1982.36
ORD-126658,2024-06-15,2024-06,6821,Sweden,Electronics,Tablet,7,290.06,2030.42
ORD-315621,2024-06-15,2024-06,8273,USA,Books,Travel Guide,4,224.89,899.56
ORD-859712,2024-06-06,2024-06,7234,Canada,Office Supplies,Notebook,10,258.28,2582.8
ORD-876619,2024-06-07,2024-06,9462,Spain,Clothing,Jacket,8,68.98,551.84
ORD-477338,2024-06-07,2024-06,6871,Germany,Sports,Bicycle Helmet,9,492.72,4434.48
ORD-519753,2024-06-01,2024-06,8831,China,Home & Garden,Candle,7,13.56,94.92
ORD-340500,2024-06-27,2024-06,2639,France,Sports,Basketball,5,42.0,210.0
ORD-147573,2024-06-09,2024-06,2383,USA,Toys,Art Set,6,367.52,2205.12
ORD-247031,2024-06-01,2024-06,3305,India,Books,Cookbook,3,72.69,218.07
ORD-489759,2024-06-26,2024-06,8697,India,Electronics,Laptop,5,459.16,2295.8
ORD-878008,2024-06-06,2024-06,7797,UK,Food,Spices,3,93.95,281.85
ORD-420932,2024-06-06,2024-06,3975,Spain,Sports,Dumbbells,4,24.69,98.76
ORD-447688,2024-06-11,2024-06,7613,India,Sports,Tennis Racket,1,23.95,23.95
ORD-148758,2024-06-28,2024-06,1466,Italy,Beauty,Moisturizer,7,80.73,565.11
ORD-196598,2024-06-04,2024-06,9838,UK,Toys,Lego Set,4,17.32,69.28
ORD-561809,2024-06-15,2024-06,7879,China,Clothing,Jeans,9,491.85,4426.65
ORD-234425,2024-06-16,2024-06,3202,France,Office Supplies,Pen,5,240.05,1200.25
ORD-616740,2024-06-22,2024-06,6290,India,Automotive,Phone Mount,8,360.99,2887.92
ORD-336508,2024-06-05,2024-06,4215,Brazil,Food,Olive Oil,3,81.52,244.56
ORD-362847,2024-06-20,2024-06,2346,France,Clothing,Shorts,4,61.56,246.24
ORD-642013,2024-06-15,2024-06,4024,Italy,Home & Garden,Cushion,9,337.49,3037.41
ORD-872182,2024-06-12,2024-06,5370,Japan,Food,Rice,10,67.81,678.1
ORD-249898,2024-06-07,2024-06,1560,Spain,Toys,Board Game,1,489.97,489.97
ORD-607348,2024-06-11,2024-06,1558,Japan,Books,Cookbook,8,15.74,125.92
ORD-672396,2024-06-07,2024-06,6634,China,Books,Travel Guide,5,232.06,1160.3
ORD-453637,2024-06-25,2024-06,8206,Mexico,Clothing,Dress,6,262.1,1572.6
ORD-578482,2024-06-28,2024-06,4052,Spain,Home & Garden,Cushion,9,248.8,2239.2
ORD-669711,2024-06-26,2024-06,2581,Canada,Sports,Tennis Racket,1,189.06,189.06
ORD-847315,2024-06-27,2024-06,3068,China,Clothing,Sneakers,9,64.46,580.14
ORD-629241,2024-06-15,2024-06,5844,France,Food,Rice,2,46.44,92.88
ORD-308328,2024-06-27,2024-06,3991,UK,Toys,Action Figure,1,343.48,343.48
ORD-939133,2024-06-28,2024-06,6798,India,Automotive,Air Freshener,1,269.98,269.98
ORD-205002,2024-06-17,2024-06,9735,Italy,Sports,Water Bottle,3,91.71,275.13
ORD-739280,2024-06-25,2024-06,3713,Netherlands,Office Supplies,Paper Clips,9,360.88,3247.92
ORD-541727,2024-06-13,2024-06,7947,USA,Books,Comic,9,155.28,1397.52
ORD-178507,2024-06-24,2024-06,8807,UK,Beauty,Face Mask,1,469.69,469.69
ORD-162099,2024-06-24,2024-06,5117,Germany,Automotive,Floor Mat,2,310.43,620.86
ORD-510243,2024-06-27,2024-06,7723,China,Food,Honey,4,20.22,80.88
ORD-173957,2024-06-07,2024-06,3612,India,Toys,Drone,6,131.8,790.8
ORD-804975,2024-06-13,2024-06,4707,Sweden,Home & Garden,Throw Blanket,10,70.5,705.0
ORD-111292,2024-06-22,2024-06,3487,UK,Books,Journal,6,144.98,869.88
ORD-593993,2024-06-04,2024-06,2921,Brazil,Automotive,Floor Mat,10,388.11,3881.1
ORD-576438,2024-06-04,2024-06,4804,Netherlands,Beauty,Sunscreen,10,275.22,2752.2
ORD-500033,2024-06-09,2024-06,3517,Sweden,Clothing,Hoodie,1,475.25,475.25
ORD-895302,2024-06-19,2024-06,5185,Japan,Clothing,Scarf,8,92.54,740.32
ORD-480160,2024-06-24,2024-06,5769,Canada,Books,Textbook,10,305.62,3056.2
ORD-983241,2024-06-02,2024-06,4953,Japan,Beauty,Nail Polish,5,322.65,1613.25
ORD-187129,2024-06-22,2024-06,5519,Japan,Home & Garden,Cushion,6,419.79,2518.74
ORD-554837,2024-06-19,2024-06,1211,Germany,Clothing,Scarf,10,252.54,2525.4
ORD-736095,2024-06-20,2024-06,5354,Brazil,Clothing,Scarf,7,420.33,2942.31
ORD-703587,2024-06-04,2024-06,9502,India,Toys,Board Game,2,299.27,598.54
ORD-542320,2024-06-19,2024-06,2555,Australia,Clothing,Sneakers,10,339.58,3395.8
ORD-701195,2024-06-26,2024-06,7451,Mexico,Electronics,Monitor,8,908.48,7267.84
ORD-801569,2024-06-26,2024-06,9564,Netherlands,Electronics,Keyboard,7,1274.83,8923.81
ORD-406474,2024-06-21,2024-06,1420,USA,Books,Cookbook,2,473.52,947.04
ORD-469495,2024-06-09,2024-06,7752,Netherlands,Electronics,Mouse,6,749.25,4495.5
ORD-905947,2024-06-02,2024-06,5074,Spain,Home & Garden,Clock,5,169.01,845.05
ORD-985752,2024-06-13,2024-06,3631,Italy,Books,Dictionary,3,379.13,1137.39
ORD-431910,2024-06-20,2024-06,9189,Australia,Clothing,Hoodie,4,273.74,1094.96
ORD-770538,2024-06-13,2024-06,6010,Mexico,Clothing,Jeans,8,163.33,1306.64
ORD-453371,2024-06-28,2024-06,4050,France,Toys,Action Figure,6,356.62,2139.72
ORD-710110,2024-06-11,2024-06,8172,UK,Sports,Running Shoes,4,17.8,71.2
ORD-748513,2024-06-18,2024-06,6087,Spain,Automotive,Floor Mat,7,273.74,1916.18
ORD-993605,2024-06-23,2024-06,2244,Canada,Books,Textbook,7,303.0,2121.0
ORD-208659,2024-06-12,2024-06,5315,Brazil,Food,Rice,7,42.69,298.83
ORD-357848,2024-06-08,2024-06,5815,Australia,Office Supplies,Notebook,1,226.84,226.84
ORD-357269,2024-06-16,2024-06,9978,USA,Food,Pasta,4,26.32,105.28
ORD-999186,2024-06-01,2024-06,4700,UK,Beauty,Lipstick,1,155.43,155.43
ORD-532352,2024-06-18,2024-06,8917,Brazil,Beauty,Nail Polish,4,499.2,1996.8
ORD-883068,2024-06-19,2024-06,4048,Mexico,Automotive,Wiper,7,445.42,3117.94
ORD-435706,2024-06-12,2024-06,5284,Japan,Sports,Tennis Racket,4,188.61,754.44
ORD-934202,2024-06-05,2024-06,9853,Italy,Sports,Dumbbells,4,167.61,670.44
ORD-661365,2024-06-26,2024-06,9819,Canada,Office Supplies,Stapler,8,492.9,3943.2
ORD-960962,2024-06-12,2024-06,6136,Italy,Clothing,Sneakers,9,361.61,3254.49
ORD-559140,2024-06-27,2024-06,4669,India,Beauty,Sunscreen,10,36.07,360.7
ORD-686149,2024-06-06,2024-06,9145,Canada,Office Supplies,Sticky Notes,8,20.84,166.72
ORD-168590,2024-06-23,2024-06,1942,Netherlands,Sports,Jump Rope,6,82.46,494.76
ORD-614651,2024-06-24,2024-06,5523,Sweden,Office Supplies,Whiteboard,10,23.51,235.1
ORD-831073,2024-06-22,2024-06,8058,Germany,Food,Spices,9,47.95,431.55
ORD-251239,2024-06-26,2024-06,5991,India,Sports,Water Bottle,7,439.22,3074.54
ORD-846705,2024-06-01,2024-06,9841,Netherlands,Office Supplies,Desk Organizer,1,485.74,485.74
ORD-533807,2024-06-03,2024-06,6871,Spain,Office Supplies,Notebook,9,310.79,2797.11
ORD-976336,2024-06-25,2024-06,3641,India,Books,Biography,3,381.82,1145.46
ORD-523158,2024-06-04,2024-06,3969,Italy,Electronics,Mouse,2,696.99,1393.98
ORD-291878,2024-06-16,2024-06,7347,Italy,Toys,Drone,6,77.87,467.22
ORD-623954,2024-06-23,2024-06,2570,UK,Home & Garden,Cushion,5,220.88,1104.4
ORD-456222,2024-06-07,2024-06,2486,Japan,Food,Pasta,2,26.53,53.06
ORD-162019,2024-06-20,2024-06,8401,USA,Clothing,Dress,9,39.84,358.56
ORD-503443,2024-06-17,2024-06,7113,USA,Clothing,Jacket,6,16.16,96.96
ORD-767399,2024-06-03,2024-06,6017,Netherlands,Electronics,Monitor,4,1913.64,7654.56
ORD-728850,2024-06-04,2024-06,9162,Australia,Food,Olive Oil,3,87.85,263.55
ORD-631972,2024-06-15,2024-06,7130,Sweden,Office Supplies,Stapler,3,356.12,1068.36
ORD-946415,2024-06-02,2024-06,3438,India,Beauty,Moisturizer,2,468.29,936.58
ORD-275516,2024-06-22,2024-06,6106,Australia,Home & Garden,Candle,9,98.4,885.6
ORD-576752,2024-06-05,2024-06,2633,India,Beauty,Lipstick,6,498.7,2992.2
ORD-358182,2024-06-22,2024-06,9978,Canada,Toys,Art Set,6,281.69,1690.14
ORD-143610,2024-06-16,2024-06,6991,Netherlands,Food,Olive Oil,7,22.89,160.23
ORD-203578,2024-06-27,2024-06,6870,Spain,Electronics,Mouse,10,1823.85,18238.5
ORD-647013,2024-06-17,2024-06,9517,Sweden,Clothing,Hoodie,9,285.87,2572.83
ORD-407189,2024-06-11,2024-06,7458,France,Automotive,Seat Cover,4,76.38,305.52
ORD-209385,2024-06-03,2024-06,7984,Japan,Toys,Drone,8,250.33,2002.64
ORD-908287,2024-06-13,2024-06,6267,India,Automotive,Oil Filter,5,159.89,799.45
ORD-884179,2024-06-03,2024-06,1903,Germany,Automotive,Car Charger,10,160.49,1604.9
ORD-417661,2024-06-02,2024-06,9893,Italy,Food,Rice,1,55.76,55.76
ORD-874415,2024-06-02,2024-06,7306,Brazil,Books,Dictionary,7,413.64,2895.48
ORD-324912,2024-06-12,2024-06,9329,Brazil,Automotive,Air Freshener,1,343.76,343.76
ORD-848719,2024-06-08,2024-06,2616,Sweden,Beauty,Perfume,2,359.08,718.16
ORD-500019,2024-06-21,2024-06,4335,India,Beauty,Lipstick,1,310.38,310.38
ORD-285658,2024-06-08,2024-06,4375,USA,Clothing,Dress,6,333.2,1999.2
ORD-248551,2024-06-27,2024-06,7388,Sweden,Books,Dictionary,3,206.96,620.88
ORD-314828,2024-06-14,2024-06,5033,Sweden,Office Supplies,Whiteboard,5,343.39,1716.95
ORD-983566,2024-06-27,2024-06,5466,Japan,Toys,Board Game,5,212.68,1063.4
ORD-143829,2024-06-01,2024-06,4104,India,Beauty,Sunscreen,7,317.0,2219.0
ORD-929622,2024-06-21,2024-06,8358,Canada,Food,Olive Oil,3,15.87,47.61
ORD-813981,2024-06-11,2024-06,9004,Brazil,Clothing,Jacket,5,92.01,460.05
ORD-897955,2024-06-28,2024-06,7524,France,Home & Garden,Picture Frame,2,289.35,578.7
ORD-233289,2024-06-18,2024-06,2956,Canada,Toys,Action Figure,4,424.76,1699.04
ORD-973563,2024-06-04,2024-06,9490,China,Electronics,Mouse,1,267.24,267.24
ORD-557125,2024-06-23,2024-06,7358,Spain,Food,Green Tea,4,81.61,326.44
ORD-904037,2024-06-20,2024-06,7076,China,Beauty,Perfume,9,386.87,3481.83
ORD-457928,2024-06-19,2024-06,4096,USA,Books,Dictionary,3,16.96,50.88
ORD-510320,2024-06-07,2024-06,5109,China,Food,Rice,1,90.65,90.65
ORD-452204,2024-06-03,2024-06,7226,Brazil,Food,Pasta,4,26.4,105.6
ORD-401787,2024-06-27,2024-06,8190,Canada,Electronics,Mouse,9,529.26,4763.34
ORD-643211,2024-06-04,2024-06,3639,USA,Food,Rice,7,70.05,490.35
ORD-208834,2024-06-11,2024-06,9753,Italy,Electronics,Tablet,3,772.23,2316.69
ORD-906035,2024-06-19,2024-06,4828,USA,Electronics,Keyboard,7,163.91,1147.37
ORD-699252,2024-06-18,2024-06,2960,India,Books,Novel,8,46.22,369.76
ORD-742366,2024-06-24,2024-06,7325,China,Home & Garden,Lamp,8,126.46,1011.68
ORD-334713,2024-06-05,2024-06,5096,China,Sports,Jump Rope,6,232.57,1395.42
ORD-875952,2024-06-09,2024-06,3365,Japan,Home & Garden,Throw Blanket,6,442.15,2652.9
ORD-993055,2024-06-02,2024-06,1343,UK,Toys,Plush Toy,9,235.37,2118.33
ORD-541597,2024-06-21,2024-06,4718,Netherlands,Toys,Lego Set,7,182.94,1280.58
ORD-441847,2024-06-13,2024-06,7844,China,Beauty,Brush Set,6,237.12,1422.72
ORD-304054,2024-06-07,2024-06,7535,Germany,Food,Olive Oil,10,72.7,727.0
ORD-248196,2024-06-21,2024-06,6954,Australia,Beauty,Nail Polish,7,160.38,1122.66
ORD-532136,2024-06-27,2024-06,8704,France,Clothing,Scarf,10,478.31,4783.1
ORD-642638,2024-06-18,2024-06,1833,Australia,Books,Biography,7,446.06,3122.42
ORD-799393,2024-06-23,2024-06,8074,USA,Food,Chocolate,10,24.61,246.1
ORD-258002,2024-06-13,2024-06,3823,Mexico,Home & Garden,Throw Blanket,4,291.78,1167.12
ORD-431575,2024-06-28,2024-06,7738,Germany,Sports,Jump Rope,8,371.85,2974.8
ORD-155315,2024-06-03,2024-06,9693,Spain,Electronics,Smartphone,1,217.21,217.21
ORD-323359,2024-06-12,2024-06,6431,Sweden,Clothing,Hoodie,3,109.47,328.41
ORD-598165,2024-06-11,2024-06,6039,India,Clothing,Hoodie,8,295.89,2367.12
ORD-259401,2024-06-04,2024-06,6547,France,Food,Pasta,3,81.22,243.66
ORD-679150,2024-06-20,2024-06,3674,Brazil,Toys,Puzzle,9,210.74,1896.66
ORD-201784,2024-06-22,2024-06,8693,Canada,Home & Garden,Vase,8,473.25,3786.0
ORD-714649,2024-06-13,2024-06,1645,China,Food,Spices,1,50.3,50.3
ORD-460530,2024-06-01,2024-06,6937,China,Beauty,Perfume,10,485.45,4854.5
ORD-810277,2024-06-06,2024-06,6566,Canada,Clothing,Hoodie,5,76.12,380.6
ORD-765030,2024-06-26,2024-06,7449,Sweden,Food,Green Tea,4,96.24,384.96
ORD-116730,2024-06-20,2024-06,6254,Australia,Home & Garden,Candle,8,491.95,3935.6
ORD-645712,2024-06-09,2024-06,7844,Netherlands,Food,Rice,5,23.24,116.2
ORD-834543,2024-06-06,2024-06,1384,Sweden,Beauty,Face Mask,4,35.49,141.96
ORD-791442,2024-06-11,2024-06,6023,Japan,Home & Garden,Clock,8,29.82,238.56
ORD-111196,2024-06-28,2024-06,2314,UK,Sports,Yoga Mat,10,489.34,4893.4
ORD-829062,2024-06-16,2024-06,1314,Germany,Home & Garden,Lamp,1,196.21,196.21
ORD-526974,2024-06-26,2024-06,5428,Australia,Toys,Card Game,7,261.17,1828.19
ORD-395322,2024-06-09,2024-06,6605,Italy,Food,Rice,8,57.48,459.84
ORD-633506,2024-06-22,2024-06,5369,Sweden,Clothing,Scarf,6,51.55,309.3
ORD-285710,2024-06-25,2024-06,2859,Spain,Electronics,Tablet,2,258.75,517.5
ORD-179074,2024-06-26,2024-06,7117,India,Clothing,Jacket,2,126.1,252.2
ORD-756541,2024-06-20,2024-06,1158,Netherlands,Electronics,Monitor,10,187.25,1872.5
ORD-309213,2024-06-04,2024-06,8549,India,Sports,Dumbbells,3,37.52,112.56
ORD-320430,2024-06-03,2024-06,2329,Italy,Food,Green Tea,4,5.36,21.44
ORD-957264,2024-06-21,2024-06,1819,Australia,Clothing,Shorts,8,269.37,2154.96
ORD-164242,2024-06-10,2024-06,4232,China,Beauty,Perfume,10,368.47,3684.7
ORD-250882,2024-06-06,2024-06,8250,Canada,Food,Organic Coffee,5,97.55,487.75
ORD-297340,2024-06-04,2024-06,9880,Italy,Office Supplies,Paper Clips,2,354.41,708.82
ORD-411132,2024-06-13,2024-06,4064,UK,Sports,Water Bottle,10,321.3,3213.0
ORD-871168,2024-06-14,2024-06,7754,Germany,Automotive,Floor Mat,6,132.97,797.82
ORD-167793,2024-06-22,2024-06,4944,Mexico,Automotive,Car Charger,3,133.32,399.96
ORD-183835,2024-06-24,2024-06,2009,Australia,Clothing,Scarf,7,39.6,277.2
ORD-831985,2024-06-19,2024-06,8306,Australia,Electronics,Smartphone,6,1554.2,9325.2
ORD-878245,2024-06-27,2024-06,2079,Italy,Office Supplies,Whiteboard,6,166.34,998.04
ORD-881156,2024-06-25,2024-06,8871,France,Sports,Jump Rope,9,249.65,2246.85
ORD-584064,2024-06-23,2024-06,4117,USA,Books,Cookbook,8,182.92,1463.36
ORD-873701,2024-06-15,2024-06,6314,Netherlands,Toys,Art Set,3,231.57,694.71
ORD-762902,2024-06-05,2024-06,7317,Netherlands,Toys,Board Game,7,396.25,2773.75
ORD-258375,2024-06-14,2024-06,3447,USA,Toys,Card Game,3,397.77,1193.31
ORD-453700,2024-06-13,2024-06,4013,USA,Books,Textbook,5,241.42,1207.1
ORD-391157,2024-06-06,2024-06,4240,Japan,Electronics,Mouse,9,641.87,5776.83
ORD-992964,2024-06-24,2024-06,4731,India,Books,Journal,7,254.58,1782.06
ORD-840319,2024-06-04,2024-06,3618,Australia,Beauty,Moisturizer,6,42.78,256.68
ORD-942658,2024-06-08,2024-06,8810,UK,Office Supplies,Whiteboard,8,264.19,2113.52
ORD-761084,2024-06-10,2024-06,4545,USA,Toys,Art Set,6,319.44,1916.64
ORD-395590,2024-06-04,2024-06,6089,India,Office Supplies,Sticky Notes,9,303.57,2732.13
ORD-118570,2024-06-19,2024-06,6588,Australia,Sports,Running Shoes,2,485.51,971.02
ORD-427718,2024-06-07,2024-06,8324,Germany,Sports,Bicycle Helmet,4,472.84,1891.36
ORD-233308,2024-06-26,2024-06,8801,India,Home & Garden,Cushion,4,172.22,688.88
ORD-612321,2024-06-19,2024-06,6272,Italy,Office Supplies,Paper Clips,4,308.6,1234.4
ORD-753899,2024-06-04,2024-06,8696,Brazil,Electronics,Monitor,3,799.08,2397.24
ORD-170176,2024-06-20,2024-06,6269,China,Clothing,Scarf,5,451.21,2256.05
ORD-481453,2024-06-25,2024-06,8364,Spain,Toys,Action Figure,3,145.34,436.02
ORD-964904,2024-06-21,2024-06,1967,Germany,Beauty,Lipstick,6,11.5,69.0
ORD-429429,2024-06-09,2024-06,8906,Spain,Automotive,Air Freshener,8,478.77,3830.16
ORD-869046,2024-06-20,2024-06,9786,Sweden,Books,Biography,5,306.49,1532.45
ORD-412661,2024-06-26,2024-06,1992,Germany,Books,Comic,1,194.24,194.24
ORD-182533,2024-06-01,2024-06,5276,France,Books,Cookbook,7,24.12,168.84
ORD-722691,2024-06-21,2024-06,7039,China,Beauty,Perfume,3,197.19,591.57
ORD-840605,2024-06-09,2024-06,8276,Sweden,Sports,Dumbbells,4,233.41,933.64
ORD-229934,2024-06-05,2024-06,8427,India,Home & Garden,Throw Blanket,1,168.17,168.17
ORD-676850,2024-06-05,2024-06,1858,Australia,Sports,Jump Rope,7,164.48,1151.36
ORD-774885,2024-06-06,2024-06,1417,Japan,Toys,Card Game,1,170.04,170.04
ORD-620803,2024-06-17,2024-06,5635,Sweden,Sports,Yoga Mat,3,37.37,112.11
ORD-196321,2024-06-04,2024-06,2046,UK,Clothing,Jacket,4,266.16,1064.64
ORD-616377,2024-06-14,2024-06,6903,Canada,Sports,Basketball,2,178.35,356.7
ORD-828326,2024-06-14,2024-06,7562,Brazil,Automotive,Car Charger,7,324.49,2271.43
ORD-899816,2024-06-07,2024-06,3539,Netherlands,Automotive,Dash Camera,2,229.76,459.52
ORD-155032,2024-06-21,2024-06,5272,USA,Books,Biography,1,344.93,344.93
ORD-244360,2024-06-08,2024-06,4694,USA,Beauty,Moisturizer,3,381.68,1145.04
ORD-120191,2024-06-25,2024-06,9201,Japan,Sports,Basketball,7,320.82,2245.74
ORD-676749,2024-06-22,2024-06,9359,USA,Home & Garden,Clock,7,360.22,2521.54
ORD-615338,2024-06-02,2024-06,2113,India,Electronics,Headphones,10,457.23,4572.3
ORD-516474,2024-06-12,2024-06,1117,India,Sports,Dumbbells,3,259.48,778.44
ORD-378550,2024-06-21,2024-06,4486,Sweden,Food,Organic Coffee,5,75.7,378.5
ORD-368727,2024-06-27,2024-06,7132,UK,Automotive,Wiper,10,108.78,1087.8
ORD-573589,2024-06-09,2024-06,6480,Sweden,Books,Dictionary,5,202.39,1011.95
ORD-943721,2024-06-06,2024-06,1472,Germany,Beauty,Nail Polish,7,65.22,456.54
ORD-973390,2024-06-19,2024-06,2748,Spain,Books,Biography,5,370.49,1852.45
ORD-694381,2024-06-15,2024-06,4511,Australia,Office Supplies,Whiteboard,4,36.64,146.56
ORD-450153,2024-06-01,2024-06,5134,France,Books,Novel,3,116.05,348.15
ORD-731046,2024-06-11,2024-06,4380,Italy,Beauty,Nail Polish,7,234.36,1640.52
ORD-181447,2024-06-20,2024-06,3707,Brazil,Beauty,Brush Set,4,149.82,599.28
ORD-100009,2024-06-02,2024-06,2757,India,Electronics,Laptop,5,1721.47,8607.35
ORD-156138,2024-06-19,2024-06,5971,Italy,Beauty,Nail Polish,2,480.99,961.98
ORD-393578,2024-06-24,2024-06,7030,Japan,Books,Biography,2,439.46,878.92
ORD-248728,2024-06-02,2024-06,7840,Spain,Electronics,Camera,5,1802.12,9010.6
ORD-599651,2024-06-21,2024-06,5304,Canada,Beauty,Lipstick,1,374.69,374.69
ORD-828674,2024-06-24,2024-06,3860,Canada,Electronics,Smartphone,10,507.87,5078.7
ORD-325942,2024-06-19,2024-06,5475,Italy,Home & Garden,Plant Pot,3,245.07,735.21
ORD-532458,2024-06-02,2024-06,2067,USA,Toys,Drone,8,253.74,2029.92
ORD-844385,2024-06-03,2024-06,3867,Mexico,Electronics,Laptop,5,1920.89,9604.45
ORD-297205,2024-06-09,2024-06,5613,Spain,Beauty,Lipstick,5,21.96,109.8
ORD-686095,2024-06-02,2024-06,4847,Mexico,Beauty,Moisturizer,7,438.03,3066.21
ORD-578420,2024-06-12,2024-06,9004,France,Books,Novel,6,53.32,319.92
ORD-667035,2024-06-22,2024-06,8741,Australia,Automotive,Air Freshener,9,451.89,4067.01
ORD-590192,2024-06-06,2024-06,3387,Japan,Sports,Basketball,6,294.3,1765.8
ORD-808534,2024-06-22,2024-06,6692,Netherlands,Home & Garden,Throw Blanket,8,378.31,3026.48
ORD-448970,2024-06-03,2024-06,9884,Japan,Toys,Card Game,3,305.05,915.15
ORD-144832,2024-06-18,2024-06,6876,Spain,Beauty,Brush Set,3,432.28,1296.84
ORD-992440,2024-06-11,2024-06,6627,India,Automotive,Air Freshener,3,274.7,824.1
ORD-625738,2024-06-27,2024-06,3285,Canada,Books,Travel Guide,2,215.3,430.6
ORD-796922,2024-06-01,2024-06,9912,India,Electronics,Smartphone,9,546.7,4920.3
ORD-675092,2024-06-04,2024-06,3698,China,Books,Dictionary,6,169.49,1016.94
ORD-821211,2024-06-19,2024-06,7471,Germany,Automotive,Wiper,7,182.06,1274.42
ORD-850992,2024-06-27,2024-06,2743,UK,Books,Journal,4,350.03,1400.12
ORD-353580,2024-06-05,2024-06,1009,China,Automotive,Dash Camera,5,458.76,2293.8
ORD-124647,2024-06-21,2024-06,7653,Brazil,Home & Garden,Vase,4,57.33,229.32
ORD-170277,2024-06-07,2024-06,1265,Canada,Electronics,Camera,2,412.14,824.28
ORD-831715,2024-06-12,2024-06,5152,Japan,Beauty,Shampoo,1,334.18,334.18
ORD-718335,2024-06-07,2024-06,5918,Australia,Sports,Bicycle Helmet,10,158.86,1588.6
ORD-435158,2024-06-16,2024-06,8838,Mexico,Office Supplies,Pen,8,488.74,3909.92
ORD-889491,2024-06-16,2024-06,6758,Italy,Electronics,Camera,7,1729.29,12105.03
ORD-818115,2024-06-19,2024-06,9831,Italy,Clothing,Shorts,6,313.91,1883.46
ORD-597939,2024-06-16,2024-06,9033,USA,Electronics,Keyboard,2,1530.15,3060.3
ORD-576773,2024-06-08,2024-06,5131,Canada,Automotive,Dash Camera,2,364.9,729.8
ORD-679470,2024-06-16,2024-06,7223,India,Sports,Water Bottle,5,26.83,134.15
ORD-808043,2024-06-01,2024-06,8392,Canada,Books,Travel Guide,10,345.07,3450.7
ORD-830994,2024-06-17,2024-06,1462,Canada,Automotive,Oil Filter,5,98.8,494.0
ORD-614954,2024-06-19,2024-06,7359,France,Automotive,Car Charger,9,67.66,608.94
ORD-447514,2024-06-06,2024-06,3849,Netherlands,Beauty,Sunscreen,10,29.51,295.1
ORD-361140,2024-06-03,2024-06,7991,Netherlands,Clothing,Jacket,8,107.57,860.56
ORD-334275,2024-06-13,2024-06,1093,Spain,Toys,Lego Set,3,31.5,94.5
ORD-206470,2024-06-23,2024-06,6571,Germany,Office Supplies,Envelope,2,227.89,455.78
ORD-620246,2024-06-20,2024-06,3694,Italy,Food,Honey,8,58.46,467.68
ORD-765669,2024-06-17,2024-06,7007,Italy,Toys,Board Game,6,449.87,2699.22
ORD-836150,2024-06-02,2024-06,9904,China,Clothing,Shorts,9,146.66,1319.94
ORD-597680,2024-06-09,2024-06,7918,Canada,Clothing,Jeans,6,440.11,2640.66
ORD-190573,2024-06-05,2024-06,7575,Sweden,Automotive,Seat Cover,3,69.3,207.9
ORD-601093,2024-06-18,2024-06,4060,Mexico,Books,Journal,5,192.93,964.65
ORD-254546,2024-06-18,2024-06,2094,Canada,Food,Spices,4,8.78,35.12
ORD-218229,2024-06-12,2024-06,5920,USA,Food,Spices,1,10.7,10.7
ORD-603724,2024-06-26,2024-06,9594,France,Home & Garden,Plant Pot,4,77.16,308.64
ORD-506698,2024-06-16,2024-06,4498,China,Books,Journal,3,114.92,344.76
ORD-897460,2024-06-05,2024-06,9870,Mexico,Clothing,Jacket,3,430.34,1291.02
ORD-980563,2024-06-06,2024-06,2114,India,Beauty,Shampoo,7,131.06,917.42
ORD-436055,2024-06-02,2024-06,6926,Japan,Books,Comic,1,378.66,378.66
ORD-571679,2024-06-24,2024-06,7465,Mexico,Electronics,Headphones,7,1865.02,13055.14
ORD-777423,2024-06-26,2024-06,4681,India,Food,Chocolate,7,53.41,373.87
ORD-132415,2024-06-25,2024-06,3576,China,Books,Comic,10,46.78,467.8
ORD-487470,2024-06-25,2024-06,7837,Italy,Clothing,Jeans,1,81.33,81.33
ORD-418239,2024-06-21,2024-06,5544,China,Toys,Plush Toy,6,405.34,2432.04
ORD-636283,2024-06-10,2024-06,9770,Sweden,Office Supplies,Desk Organizer,8,429.14,3433.12
ORD-459042,2024-06-11,2024-06,8991,China,Toys,Lego Set,8,54.58,436.64
ORD-402982,2024-06-21,2024-06,9728,France,Automotive,Dash Camera,5,141.42,707.1
ORD-300557,2024-06-11,2024-06,9413,Sweden,Books,Dictionary,10,454.54,4545.4
ORD-392051,2024-06-11,2024-06,6710,Netherlands,Home & Garden,Vase,7,263.66,1845.62
ORD-925117,2024-06-22,2024-06,5323,Mexico,Office Supplies,Sticky Notes,10,102.29,1022.9
ORD-679761,2024-06-22,2024-06,3281,Mexico,Home & Garden,Vase,9,187.13,1684.17
ORD-769615,2024-06-17,2024-06,6261,India,Books,Journal,5,94.97,474.85
ORD-357565,2024-06-21,2024-06,5047,UK,Books,Dictionary,6,406.69,2440.14
ORD-253448,2024-06-19,2024-06,7416,Sweden,Beauty,Sunscreen,6,234.95,1409.7
ORD-512175,2024-06-04,2024-06,5173,France,Office Supplies,Notebook,9,483.59,4352.31
ORD-677392,2024-06-09,2024-06,1053,Spain,Clothing,Sneakers,8,464.62,3716.96
ORD-758623,2024-06-09,2024-06,5539,Germany,Automotive,Wiper,7,34.99,244.93
ORD-246514,2024-06-14,2024-06,9020,China,Office Supplies,Notebook,2,199.57,399.14
ORD-988327,2024-06-26,2024-06,3967,Spain,Clothing,Hoodie,1,497.15,497.15
ORD-879116,2024-06-18,2024-06,2151,Brazil,Home & Garden,Candle,2,141.52,283.04
ORD-216844,2024-06-22,2024-06,7934,Sweden,Books,Novel,1,287.62,287.62
ORD-748347,2024-06-14,2024-06,6531,France,Office Supplies,Whiteboard,4,127.93,511.72
ORD-712494,2024-06-08,2024-06,5370,Netherlands,Automotive,Phone Mount,9,84.33,758.97
ORD-746233,2024-06-27,2024-06,6189,Spain,Books,Cookbook,9,197.8,1780.2
ORD-948875,2024-06-24,2024-06,1285,India,Food,Green Tea,5,63.34,316.7
ORD-581827,2024-06-28,2024-06,8966,Germany,Clothing,Jeans,4,209.14,836.56
ORD-556333,2024-06-04,2024-06,3713,France,Food,Olive Oil,5,5.3,26.5
ORD-847031,2024-06-04,2024-06,7335,Germany,Beauty,Lipstick,7,425.17,2976.19
ORD-124145,2024-06-13,2024-06,8276,Italy,Beauty,Perfume,7,426.79,2987.53
ORD-458915,2024-06-22,2024-06,9868,Sweden,Home & Garden,Vase,9,250.84,2257.56
ORD-736017,2024-06-20,2024-06,6276,Brazil,Electronics,Mouse,8,806.41,6451.28
ORD-276560,2024-06-03,2024-06,4366,Italy,Sports,Running Shoes,7,304.47,2131.29
ORD-849662,2024-06-12,2024-06,7619,Australia,Books,Biography,4,208.5,834.0
ORD-355928,2024-06-16,2024-06,5762,India,Books,Travel Guide,10,480.72,4807.2
ORD-121489,2024-06-19,2024-06,2059,Japan,Beauty,Moisturizer,7,179.14,1253.98
ORD-465145,2024-06-14,2024-06,9043,Sweden,Toys,Art Set,5,53.84,269.2
ORD-329781,2024-06-09,2024-06,4744,Sweden,Home & Garden,Cushion,3,244.48,733.44
ORD-150309,2024-06-02,2024-06,9473,Netherlands,Office Supplies,Paper Clips,6,489.79,2938.74
ORD-362554,2024-06-20,2024-06,4745,Canada,Clothing,Jacket,1,350.7,350.7
ORD-392042,2024-06-05,2024-06,2298,China,Automotive,Floor Mat,7,153.64,1075.48
ORD-196753,2024-06-06,2024-06,4047,France,Books,Travel Guide,4,265.05,1060.2
ORD-276083,2024-06-18,2024-06,1854,France,Office Supplies,Stapler,7,240.42,1682.94
ORD-382113,2024-06-23,2024-06,4870,India,Electronics,Headphones,2,200.24,400.48
ORD-858339,2024-06-15,2024-06,3928,Spain,Automotive,Dash Camera,6,281.18,1687.08
ORD-903575,2024-06-26,2024-06,3931,Germany,Food,Honey,3,5.83,17.49
ORD-263482,2024-07-05,2024-07,9409,Japan,Electronics,Laptop,8,375.65,3005.2
ORD-577043,2024-07-26,2024-07,3167,India,Books,Dictionary,4,146.85,587.4
ORD-170332,2024-07-21,2024-07,3869,UK,Clothing,Sneakers,1,306.95,306.95
ORD-810436,2024-07-15,2024-07,7183,France,Food,Organic Coffee,8,55.24,441.92
ORD-471128,2024-07-17,2024-07,7471,Sweden,Automotive,Wiper,9,238.64,2147.76
ORD-943934,2024-07-17,2024-07,7638,UK,Home & Garden,Lamp,3,430.38,1291.14
ORD-733754,2024-07-12,2024-07,1596,India,Books,Textbook,2,422.55,845.1
ORD-308355,2024-07-12,2024-07,7756,France,Toys,Drone,8,21.7,173.6
ORD-719110,2024-07-21,2024-07,1262,Spain,Books,Travel Guide,8,377.67,3021.36
ORD-560352,2024-07-05,2024-07,3291,Germany,Home & Garden,Lamp,4,18.03,72.12
ORD-585804,2024-07-23,2024-07,5143,China,Beauty,Nail Polish,4,237.95,951.8
ORD-409768,2024-07-05,2024-07,3136,Germany,Toys,Board Game,2,449.55,899.1
ORD-181918,2024-07-13,2024-07,7128,China,Electronics,Monitor,7,1779.74,12458.18
ORD-469604,2024-07-28,2024-07,5816,USA,Sports,Jump Rope,2,425.12,850.24
ORD-253028,2024-07-17,2024-07,6430,Sweden,Books,Comic,2,91.31,182.62
ORD-125312,2024-07-07,2024-07,5417,Brazil,Electronics,Laptop,6,1279.82,7678.92
ORD-442406,2024-07-20,2024-07,8345,Spain,Toys,Card Game,10,235.54,2355.4
ORD-895337,2024-07-17,2024-07,5668,Spain,Sports,Yoga Mat,8,296.95,2375.6
ORD-630524,2024-07-25,2024-07,8987,Mexico,Toys,Board Game,10,278.51,2785.1
ORD-250944,2024-07-22,2024-07,2102,Australia,Food,Spices,5,72.86,364.3
ORD-143926,2024-07-13,2024-07,3329,India,Books,Textbook,4,145.12,580.48
ORD-537873,2024-07-07,2024-07,1721,UK,Home & Garden,Plant Pot,4,215.0,860.0
ORD-271328,2024-07-07,2024-07,3484,Sweden,Toys,Plush Toy,2,10.28,20.56
ORD-805284,2024-07-03,2024-07,1613,Spain,Home & Garden,Clock,3,117.36,352.08
ORD-746759,2024-07-15,2024-07,9085,Mexico,Clothing,Jeans,6,407.73,2446.38
ORD-762201,2024-07-18,2024-07,7096,India,Beauty,Sunscreen,6,278.48,1670.88
ORD-645310,2024-07-22,2024-07,6349,Mexico,Automotive,Air Freshener,10,419.33,4193.3
ORD-385410,2024-07-27,2024-07,5570,Germany,Office Supplies,Paper Clips,8,20.89,167.12
ORD-720434,2024-07-24,2024-07,6376,China,Automotive,Floor Mat,1,495.74,495.74
ORD-360820,2024-07-05,2024-07,5920,Netherlands,Home & Garden,Candle,4,281.96,1127.84
ORD-878592,2024-07-18,2024-07,8607,Italy,Food,Green Tea,7,53.06,371.42
ORD-604547,2024-07-03,2024-07,7551,France,Toys,Card Game,10,128.82,1288.2
ORD-534344,2024-07-13,2024-07,2086,Japan,Sports,Yoga Mat,3,409.38,1228.14
ORD-615753,2024-07-04,2024-07,8752,Australia,Electronics,Monitor,8,650.61,5204.88
ORD-355051,2024-07-14,2024-07,7493,Japan,Office Supplies,Paper Clips,5,426.23,2131.15
ORD-205549,2024-07-11,2024-07,3701,India,Sports,Running Shoes,2,300.79,601.58
ORD-932138,2024-07-18,2024-07,2345,UK,Clothing,T-Shirt,2,219.99,439.98
ORD-984557,2024-07-06,2024-07,3488,China,Electronics,Laptop,5,113.74,568.7
ORD-204827,2024-07-06,2024-07,7009,USA,Sports,Dumbbells,6,447.51,2685.06
ORD-927895,2024-07-20,2024-07,1638,USA,Office Supplies,Notebook,4,10.1,40.4
ORD-977500,2024-07-09,2024-07,3784,Canada,Toys,Art Set,10,300.75,3007.5
ORD-265039,2024-07-03,2024-07,9619,UK,Clothing,Dress,5,236.54,1182.7
ORD-512502,2024-07-08,2024-07,9435,India,Clothing,Scarf,1,347.63,347.63
ORD-421282,2024-07-15,2024-07,6548,Spain,Food,Chocolate,9,39.08,351.72
ORD-798619,2024-07-08,2024-07,5811,Spain,Toys,Drone,5,399.19,1995.95
ORD-183312,2024-07-05,2024-07,6351,China,Books,Biography,1,354.58,354.58
ORD-256580,2024-07-04,2024-07,1962,UK,Office Supplies,Notebook,3,499.13,1497.39
ORD-556481,2024-07-11,2024-07,2203,Italy,Home & Garden,Cushion,8,293.84,2350.72
ORD-788056,2024-07-23,2024-07,7715,Sweden,Clothing,Dress,8,112.79,902.32
ORD-132903,2024-07-07,2024-07,1554,Japan,Sports,Running Shoes,1,179.09,179.09
ORD-921794,2024-07-16,2024-07,5131,Netherlands,Toys,Lego Set,7,237.12,1659.84
ORD-790387,2024-07-11,2024-07,6301,Netherlands,Beauty,Perfume,7,375.19,2626.33
ORD-535998,2024-07-28,2024-07,6157,USA,Office Supplies,Stapler,5,393.77,1968.85
ORD-637693,2024-07-02,2024-07,2527,UK,Beauty,Face Mask,4,443.27,1773.08
ORD-762215,2024-07-06,2024-07,9115,Italy,Home & Garden,Vase,1,214.76,214.76
ORD-311511,2024-07-01,2024-07,6910,Australia,Sports,Basketball,9,61.25,551.25
ORD-386728,2024-07-22,2024-07,4458,Mexico,Food,Rice,9,86.49,778.41
ORD-577052,2024-07-25,2024-07,9697,Japan,Toys,Action Figure,1,475.41,475.41
ORD-717947,2024-07-10,2024-07,9964,USA,Home & Garden,Clock,7,172.98,1210.86
ORD-699678,2024-07-15,2024-07,2028,Sweden,Beauty,Nail Polish,10,457.91,4579.1
ORD-956410,2024-07-09,2024-07,4783,China,Sports,Water Bottle,1,157.14,157.14
ORD-142513,2024-07-09,2024-07,4759,Japan,Office Supplies,Whiteboard,4,12.1,48.4
ORD-941368,2024-07-01,2024-07,4633,Japan,Beauty,Lipstick,2,220.71,441.42
ORD-906250,2024-07-17,2024-07,5483,USA,Automotive,Wiper,5,435.59,2177.95
ORD-996777,2024-07-22,2024-07,1838,Brazil,Beauty,Lipstick,2,280.66,561.32
ORD-818362,2024-07-18,2024-07,4847,UK,Toys,Card Game,1,331.49,331.49
ORD-204291,2024-07-08,2024-07,8036,Mexico,Clothing,Hoodie,1,473.82,473.82
ORD-269724,2024-07-10,2024-07,3127,Mexico,Home & Garden,Throw Blanket,7,339.19,2374.33
ORD-424526,2024-07-04,2024-07,7986,Australia,Books,Cookbook,5,384.9,1924.5
ORD-351187,2024-07-05,2024-07,9885,Canada,Automotive,Dash Camera,1,437.88,437.88
ORD-624773,2024-07-25,2024-07,2081,Canada,Home & Garden,Throw Blanket,2,231.13,462.26
ORD-473564,2024-07-22,2024-07,9758,China,Beauty,Shampoo,2,311.04,622.08
ORD-860548,2024-07-26,2024-07,2507,Japan,Sports,Running Shoes,5,102.76,513.8
ORD-647447,2024-07-06,2024-07,1298,Canada,Office Supplies,Notebook,3,81.45,244.35
ORD-456705,2024-07-25,2024-07,9762,Sweden,Books,Journal,1,319.47,319.47
ORD-322675,2024-07-17,2024-07,7377,Spain,Toys,Puzzle,7,390.17,2731.19
ORD-880823,2024-07-19,2024-07,3744,Spain,Books,Journal,2,376.39,752.78
ORD-144003,2024-07-11,2024-07,4715,Japan,Beauty,Brush Set,4,324.84,1299.36
ORD-780228,2024-07-19,2024-07,1596,USA,Beauty,Lipstick,6,184.16,1104.96
ORD-983973,2024-07-28,2024-07,6549,Australia,Toys,Board Game,3,237.11,711.33
ORD-678399,2024-07-05,2024-07,2572,India,Office Supplies,Notebook,9,241.98,2177.82
ORD-427216,2024-07-27,2024-07,6582,Spain,Clothing,T-Shirt,4,322.66,1290.64
ORD-797118,2024-07-28,2024-07,9799,USA,Toys,Plush Toy,5,62.22,311.1
ORD-178011,2024-07-09,2024-07,3243,UK,Home & Garden,Lamp,7,176.57,1235.99
ORD-123836,2024-07-10,2024-07,9699,China,Sports,Dumbbells,7,371.93,2603.51
ORD-650454,2024-07-23,2024-07,1428,UK,Home & Garden,Cushion,3,55.61,166.83
ORD-229737,2024-07-09,2024-07,2640,Canada,Sports,Dumbbells,6,386.32,2317.92
ORD-389946,2024-07-26,2024-07,3992,India,Office Supplies,Paper Clips,1,48.63,48.63
ORD-824023,2024-07-23,2024-07,6103,Spain,Automotive,Dash Camera,10,278.98,2789.8
ORD-427042,2024-07-13,2024-07,9946,Canada,Home & Garden,Picture Frame,1,378.63,378.63
ORD-198896,2024-07-24,2024-07,7884,France,Clothing,Hoodie,2,35.51,71.02
ORD-668290,2024-07-16,2024-07,1065,USA,Clothing,Scarf,7,406.66,2846.62
ORD-185992,2024-07-18,2024-07,2751,India,Home & Garden,Throw Blanket,4,448.56,1794.24
ORD-761482,2024-07-19,2024-07,6473,Mexico,Food,Honey,2,71.57,143.14
ORD-350176,2024-07-23,2024-07,1275,Italy,Beauty,Lipstick,9,72.06,648.54
ORD-616583,2024-07-26,2024-07,7683,India,Electronics,Camera,4,1473.21,5892.84
ORD-301821,2024-07-07,2024-07,9971,Japan,Books,Novel,7,310.5,2173.5
ORD-706424,2024-07-13,2024-07,9647,UK,Home & Garden,Cushion,7,487.12,3409.84
ORD-367386,2024-07-28,2024-07,5713,India,Home & Garden,Vase,7,445.89,3121.23
ORD-824880,2024-07-19,2024-07,9153,Japan,Electronics,Smartphone,5,422.77,2113.85
ORD-238882,2024-07-21,2024-07,3100,Netherlands,Office Supplies,Stapler,4,294.3,1177.2
ORD-239420,2024-07-02,2024-07,1658,Italy,Books,Biography,7,368.31,2578.17
ORD-970287,2024-07-01,2024-07,4573,India,Home & Garden,Candle,2,329.41,658.82
ORD-859498,2024-07-07,2024-07,1225,Australia,Toys,Puzzle,3,229.07,687.21
ORD-564950,2024-07-13,2024-07,3019,Japan,Sports,Basketball,5,333.16,1665.8
ORD-613711,2024-07-12,2024-07,4302,Japan,Food,Olive Oil,4,22.86,91.44
ORD-266309,2024-07-09,2024-07,9010,USA,Home & Garden,Lamp,8,11.5,92.0
ORD-401161,2024-07-10,2024-07,2006,Brazil,Electronics,Mouse,2,447.49,894.98
ORD-923861,2024-07-14,2024-07,3305,UK,Home & Garden,Picture Frame,8,386.84,3094.72
ORD-310684,2024-07-10,2024-07,9676,Australia,Clothing,Scarf,8,325.68,2605.44
ORD-239970,2024-07-06,2024-07,5515,France,Beauty,Nail Polish,8,245.37,1962.96
ORD-634456,2024-07-08,2024-07,1280,Japan,Books,Journal,9,493.38,4440.42
ORD-385015,2024-07-12,2024-07,3370,Italy,Clothing,Dress,2,265.79,531.58
ORD-352943,2024-07-03,2024-07,9462,USA,Home & Garden,Lamp,2,287.91,575.82
ORD-702316,2024-07-22,2024-07,5633,Spain,Home & Garden,Vase,10,466.37,4663.7
ORD-443279,2024-07-01,2024-07,9682,Brazil,Food,Chocolate,1,19.16,19.16
ORD-868206,2024-07-16,2024-07,7876,USA,Office Supplies,Desk Organizer,2,104.78,209.56
ORD-759393,2024-07-26,2024-07,6019,Italy,Toys,Plush Toy,4,143.25,573.0
ORD-356779,2024-07-13,2024-07,7585,Canada,Office Supplies,Desk Organizer,4,241.21,964.84
ORD-449625,2024-07-16,2024-07,6320,Australia,Electronics,Monitor,9,1529.91,13769.19
ORD-692612,2024-07-01,2024-07,9079,Brazil,Books,Travel Guide,2,347.97,695.94
ORD-660967,2024-07-02,2024-07,3244,Netherlands,Books,Travel Guide,7,110.43,773.01
ORD-329082,2024-07-05,2024-07,2189,Italy,Clothing,Scarf,4,118.16,472.64
ORD-226120,2024-07-01,2024-07,7076,France,Clothing,T-Shirt,7,459.92,3219.44
ORD-741491,2024-07-07,2024-07,5594,Sweden,Office Supplies,Envelope,4,55.81,223.24
ORD-146316,2024-07-20,2024-07,2946,Spain,Clothing,Dress,4,273.08,1092.32
ORD-982950,2024-07-25,2024-07,8798,Mexico,Home & Garden,Throw Blanket,1,350.98,350.98
ORD-711193,2024-07-11,2024-07,9020,Sweden,Books,Travel Guide,9,59.05,531.45
ORD-889921,2024-07-14,2024-07,4757,USA,Office Supplies,Whiteboard,6,351.23,2107.38
ORD-122399,2024-07-24,2024-07,8411,USA,Automotive,Air Freshener,10,57.78,577.8
ORD-868019,2024-07-06,2024-07,5509,Netherlands,Books,Cookbook,1,124.77,124.77
ORD-793802,2024-07-05,2024-07,3939,Germany,Books,Biography,1,154.55,154.55
ORD-484452,2024-07-04,2024-07,8364,USA,Books,Cookbook,4,365.61,1462.44
ORD-596741,2024-07-03,2024-07,5908,Italy,Toys,Lego Set,3,418.47,1255.41
ORD-213796,2024-07-02,2024-07,7194,Australia,Electronics,Tablet,7,1089.41,7625.87
ORD-340393,2024-07-05,2024-07,2389,Canada,Food,Olive Oil,7,44.43,311.01
ORD-658731,2024-07-15,2024-07,3722,Sweden,Home & Garden,Cushion,10,87.12,871.2
ORD-392736,2024-07-20,2024-07,4532,UK,Beauty,Nail Polish,8,419.98,3359.84
ORD-305803,2024-07-24,2024-07,6172,Sweden,Home & Garden,Vase,1,401.17,401.17
ORD-709644,2024-07-18,2024-07,7648,Spain,Home & Garden,Lamp,2,237.79,475.58
ORD-687270,2024-07-24,2024-07,2889,Germany,Food,Organic Coffee,2,71.53,143.06
ORD-937752,2024-07-17,2024-07,8853,USA,Toys,Lego Set,4,98.1,392.4
ORD-353225,2024-07-28,2024-07,3071,Brazil,Books,Novel,2,307.38,614.76
ORD-373825,2024-07-17,2024-07,9831,Australia,Automotive,Dash Camera,5,273.41,1367.05
ORD-991546,2024-07-06,2024-07,6440,Netherlands,Automotive,Air Freshener,8,31.57,252.56
ORD-755192,2024-07-21,2024-07,4363,Italy,Food,Olive Oil,3,13.49,40.47
ORD-583287,2024-07-21,2024-07,8247,Italy,Clothing,Shorts,6,277.9,1667.4
ORD-912965,2024-07-02,2024-07,3697,USA,Home & Garden,Cushion,1,385.08,385.08
ORD-185000,2024-07-06,2024-07,1396,Australia,Electronics,Smartphone,10,1527.24,15272.4
ORD-779002,2024-07-04,2024-07,2353,Spain,Books,Journal,9,225.1,2025.9
ORD-497457,2024-07-05,2024-07,7087,Italy,Electronics,Laptop,6,1977.39,11864.34
ORD-672286,2024-07-10,2024-07,2886,Spain,Automotive,Floor Mat,2,137.79,275.58
ORD-257891,2024-07-16,2024-07,3423,France,Office Supplies,Envelope,2,265.89,531.78
ORD-555805,2024-07-13,2024-07,3879,Australia,Home & Garden,Plant Pot,9,239.75,2157.75
ORD-357543,2024-07-02,2024-07,8656,India,Electronics,Laptop,5,55.45,277.25
ORD-655782,2024-07-12,2024-07,7191,Canada,Sports,Basketball,5,364.71,1823.55
ORD-936449,2024-07-04,2024-07,3456,India,Toys,Drone,3,125.54,376.62
ORD-425191,2024-07-12,2024-07,5414,Australia,Automotive,Seat Cover,6,334.05,2004.3
ORD-755377,2024-07-02,2024-07,3789,Italy,Office Supplies,Sticky Notes,1,280.75,280.75
ORD-685380,2024-07-08,2024-07,8696,Germany,Electronics,Keyboard,10,849.86,8498.6
ORD-293741,2024-07-01,2024-07,8537,Spain,Office Supplies,Desk Organizer,9,388.46,3496.14
ORD-510702,2024-07-26,2024-07,3060,France,Clothing,T-Shirt,2,33.02,66.04
ORD-374315,2024-07-18,2024-07,5142,Sweden,Automotive,Dash Camera,1,458.47,458.47
ORD-853067,2024-07-08,2024-07,5237,China,Food,Chocolate,7,53.99,377.93
ORD-248374,2024-07-09,2024-07,4075,Japan,Automotive,Dash Camera,2,128.69,257.38
ORD-527442,2024-07-06,2024-07,7554,Italy,Office Supplies,Whiteboard,5,265.64,1328.2
ORD-486144,2024-07-14,2024-07,5875,Germany,Food,Organic Coffee,3,76.87,230.61
ORD-186159,2024-07-10,2024-07,9656,Canada,Toys,Action Figure,5,480.78,2403.9
ORD-886739,2024-07-21,2024-07,8568,France,Electronics,Keyboard,6,810.27,4861.62
ORD-456443,2024-07-13,2024-07,7122,UK,Home & Garden,Plant Pot,6,396.44,2378.64
ORD-801145,2024-07-28,2024-07,9904,Germany,Food,Pasta,1,91.59,91.59
ORD-637898,2024-07-14,2024-07,2386,France,Beauty,Nail Polish,5,398.13,1990.65
ORD-353171,2024-07-08,2024-07,9689,Spain,Automotive,Car Charger,6,368.08,2208.48
ORD-588303,2024-07-09,2024-07,9207,Netherlands,Automotive,Air Freshener,3,172.46,517.38
ORD-350417,2024-07-22,2024-07,2008,France,Sports,Yoga Mat,5,323.15,1615.75
ORD-370235,2024-07-27,2024-07,4352,Spain,Books,Biography,9,183.98,1655.82
ORD-194432,2024-07-08,2024-07,6162,Italy,Clothing,Shorts,2,405.29,810.58
ORD-670821,2024-07-15,2024-07,2549,Brazil,Office Supplies,Envelope,2,363.41,726.82
ORD-616508,2024-07-19,2024-07,1791,Germany,Office Supplies,Paper Clips,4,54.8,219.2
ORD-526400,2024-07-11,2024-07,4551,Mexico,Food,Spices,1,99.95,99.95
ORD-620792,2024-07-25,2024-07,1569,Sweden,Clothing,Jeans,9,309.82,2788.38
ORD-855274,2024-07-17,2024-07,6364,China,Toys,Puzzle,9,430.61,3875.49
ORD-950067,2024-07-06,2024-07,9592,Sweden,Electronics,Laptop,1,456.97,456.97
ORD-234120,2024-07-25,2024-07,1481,Australia,Office Supplies,Notebook,9,213.36,1920.24
ORD-376705,2024-07-13,2024-07,9583,Italy,Electronics,Headphones,8,701.01,5608.08
ORD-813158,2024-07-14,2024-07,5647,Italy,Office Supplies,Notebook,10,459.17,4591.7
ORD-179955,2024-07-26,2024-07,4501,India,Toys,Card Game,1,179.44,179.44
ORD-400769,2024-07-04,2024-07,6099,Spain,Office Supplies,Notebook,10,436.71,4367.1
ORD-459609,2024-07-08,2024-07,2783,Germany,Automotive,Floor Mat,8,204.53,1636.24
ORD-326057,2024-07-14,2024-07,1432,Spain,Office Supplies,Stapler,3,105.41,316.23
ORD-538586,2024-07-15,2024-07,9287,Germany,Food,Green Tea,6,31.13,186.78
ORD-236369,2024-07-02,2024-07,2257,Sweden,Clothing,Dress,5,350.75,1753.75
ORD-915811,2024-07-02,2024-07,9514,Italy,Automotive,Wiper,1,416.5,416.5
ORD-644566,2024-07-13,2024-07,6529,Sweden,Books,Journal,1,220.05,220.05
ORD-302310,2024-07-25,2024-07,2572,Japan,Clothing,Jacket,1,424.8,424.8
ORD-192672,2024-07-13,2024-07,1907,Australia,Automotive,Seat Cover,10,204.94,2049.4
ORD-204800,2024-07-15,2024-07,1446,Mexico,Toys,Lego Set,4,45.61,182.44
ORD-633804,2024-07-11,2024-07,3875,Sweden,Books,Comic,7,184.34,1290.38
ORD-900117,2024-07-21,2024-07,4004,China,Toys,Puzzle,7,425.24,2976.68
ORD-221455,2024-07-27,2024-07,3336,Brazil,Office Supplies,Paper Clips,1,139.25,139.25
ORD-459251,2024-07-17,2024-07,4966,Spain,Home & Garden,Plant Pot,4,492.72,1970.88
ORD-243125,2024-07-22,2024-07,5889,Netherlands,Books,Journal,9,457.23,4115.07
ORD-155994,2024-07-21,2024-07,7675,Germany,Electronics,Headphones,2,779.89,1559.78
ORD-632046,2024-07-23,2024-07,2678,Italy,Sports,Jump Rope,1,18.85,18.85
ORD-116539,2024-07-10,2024-07,7033,Spain,Office Supplies,Notebook,3,150.02,450.06
ORD-754076,2024-07-25,2024-07,8423,Japan,Home & Garden,Throw Blanket,10,302.95,3029.5
ORD-772922,2024-07-25,2024-07,7893,Netherlands,Office Supplies,Sticky Notes,9,331.82,2986.38
ORD-502756,2024-07-18,2024-07,8474,UK,Clothing,Dress,10,393.93,3939.3
ORD-424632,2024-07-04,2024-07,5066,India,Food,Rice,9,32.97,296.73
ORD-408733,2024-07-06,2024-07,4185,Canada,Food,Olive Oil,4,84.72,338.88
ORD-527629,2024-07-18,2024-07,3314,India,Toys,Drone,1,480.71,480.71
ORD-900893,2024-07-13,2024-07,1376,UK,Automotive,Oil Filter,8,323.72,2589.76
ORD-859589,2024-07-24,2024-07,7843,UK,Electronics,Mouse,9,471.02,4239.18
ORD-781773,2024-07-22,2024-07,4737,Australia,Automotive,Seat Cover,6,334.65,2007.9
ORD-968235,2024-07-18,2024-07,4997,Mexico,Automotive,Air Freshener,5,380.94,1904.7
ORD-828910,2024-07-22,2024-07,1050,Sweden,Sports,Bicycle Helmet,3,67.72,203.16
ORD-525964,2024-07-26,2024-07,8113,Brazil,Sports,Yoga Mat,3,426.0,1278.0
ORD-501010,2024-07-22,2024-07,6877,Japan,Automotive,Air Freshener,9,140.36,1263.24
ORD-115658,2024-07-03,2024-07,7198,Mexico,Sports,Bicycle Helmet,4,462.5,1850.0
ORD-903724,2024-07-27,2024-07,8895,Mexico,Toys,Puzzle,3,345.98,1037.94
ORD-364168,2024-07-11,2024-07,4117,India,Automotive,Phone Mount,2,490.43,980.86
ORD-991041,2024-07-05,2024-07,4146,Brazil,Home & Garden,Lamp,5,127.89,639.45
ORD-601656,2024-07-01,2024-07,9339,Netherlands,Home & Garden,Plant Pot,3,417.94,1253.82
ORD-509650,2024-07-28,2024-07,4665,Mexico,Electronics,Laptop,10,1052.1,10521.0
ORD-628376,2024-07-27,2024-07,7378,Canada,Clothing,T-Shirt,7,490.03,3430.21
ORD-963565,2024-07-07,2024-07,4310,Mexico,Clothing,Jeans,6,409.01,2454.06
ORD-183995,2024-07-17,2024-07,1417,Japan,Electronics,Smartphone,5,159.17,795.85
ORD-527599,2024-07-24,2024-07,5801,Netherlands,Office Supplies,Notebook,8,167.48,1339.84
ORD-757433,2024-07-19,2024-07,3903,Netherlands,Automotive,Seat Cover,7,475.22,3326.54
ORD-619326,2024-07-21,2024-07,3353,Germany,Electronics,Monitor,1,595.61,595.61
ORD-246518,2024-07-06,2024-07,8219,Japan,Beauty,Sunscreen,8,38.51,308.08
ORD-937463,2024-07-05,2024-07,7606,India,Toys,Lego Set,9,178.83,1609.47
ORD-692887,2024-07-13,2024-07,2508,Sweden,Beauty,Brush Set,3,462.31,1386.93
ORD-170420,2024-07-17,2024-07,2094,Japan,Home & Garden,Plant Pot,5,340.57,1702.85
ORD-429462,2024-07-08,2024-07,4199,China,Books,Biography,3,53.7,161.1
ORD-182995,2024-07-13,2024-07,6863,Australia,Food,Olive Oil,9,15.33,137.97
ORD-732214,2024-07-06,2024-07,8606,Netherlands,Electronics,Headphones,2,1372.16,2744.32
ORD-965250,2024-07-08,2024-07,3676,Canada,Electronics,Keyboard,4,1513.16,6052.64
ORD-494244,2024-07-16,2024-07,9409,China,Sports,Running Shoes,6,277.6,1665.6
ORD-411142,2024-07-03,2024-07,2986,China,Books,Biography,9,446.79,4021.11
ORD-150106,2024-07-06,2024-07,6031,Italy,Home & Garden,Plant Pot,6,433.63,2601.78
ORD-552103,2024-07-02,2024-07,3307,Brazil,Toys,Plush Toy,2,486.81,973.62
ORD-972415,2024-07-15,2024-07,5512,Germany,Home & Garden,Plant Pot,5,110.4,552.0
ORD-876907,2024-07-04,2024-07,2664,Brazil,Toys,Art Set,8,464.57,3716.56
ORD-770105,2024-07-06,2024-07,9186,Sweden,Automotive,Air Freshener,3,46.84,140.52
ORD-540263,2024-07-21,2024-07,2511,Canada,Beauty,Perfume,9,104.76,942.84
ORD-559203,2024-07-27,2024-07,3811,Italy,Office Supplies,Desk Organizer,10,250.74,2507.4
ORD-989272,2024-07-27,2024-07,4831,Netherlands,Toys,Action Figure,2,274.29,548.58
ORD-886716,2024-07-01,2024-07,9442,Japan,Food,Rice,10,37.15,371.5
ORD-522346,2024-07-23,2024-07,8366,Spain,Electronics,Mouse,7,1197.79,8384.53
ORD-347411,2024-07-02,2024-07,2949,Italy,Beauty,Brush Set,8,207.3,1658.4
ORD-494387,2024-07-26,2024-07,7636,Netherlands,Automotive,Air Freshener,1,17.58,17.58
ORD-759737,2024-07-27,2024-07,9857,Mexico,Food,Green Tea,4,21.24,84.96
ORD-115552,2024-07-13,2024-07,6722,Canada,Sports,Running Shoes,6,342.59,2055.54
ORD-697092,2024-07-04,2024-07,6489,Sweden,Automotive,Oil Filter,7,346.51,2425.57
ORD-517260,2024-07-19,2024-07,3463,Canada,Clothing,Jacket,10,77.98,779.8
ORD-346645,2024-07-19,2024-07,8482,Brazil,Office Supplies,Pen,5,271.79,1358.95
ORD-233037,2024-07-18,2024-07,8044,Spain,Office Supplies,Whiteboard,3,435.36,1306.08
ORD-554191,2024-07-23,2024-07,1619,India,Sports,Yoga Mat,9,367.52,3307.68
ORD-454126,2024-07-05,2024-07,5108,Mexico,Automotive,Floor Mat,10,156.09,1560.9
ORD-756477,2024-07-03,2024-07,9391,Mexico,Automotive,Dash Camera,8,148.95,1191.6
ORD-196118,2024-07-25,2024-07,9940,Spain,Automotive,Oil Filter,8,457.33,3658.64
ORD-600801,2024-07-18,2024-07,6848,Sweden,Food,Olive Oil,7,43.16,302.12
ORD-918149,2024-07-20,2024-07,4211,USA,Automotive,Air Freshener,7,231.48,1620.36
ORD-618938,2024-07-21,2024-07,2277,Italy,Office Supplies,Notebook,8,335.21,2681.68
ORD-557666,2024-07-05,2024-07,9719,Brazil,Beauty,Nail Polish,10,429.94,4299.4
ORD-704823,2024-07-27,2024-07,9287,Netherlands,Beauty,Perfume,9,73.45,661.05
ORD-100686,2024-07-21,2024-07,4213,Spain,Beauty,Moisturizer,9,270.75,2436.75
ORD-795803,2024-07-02,2024-07,7530,Australia,Food,Olive Oil,1,71.07,71.07
ORD-696842,2024-07-20,2024-07,6904,Italy,Toys,Drone,8,172.62,1380.96
ORD-916189,2024-07-09,2024-07,1627,UK,Electronics,Smartphone,3,1804.55,5413.65
ORD-583064,2024-07-06,2024-07,6613,France,Sports,Tennis Racket,7,467.77,3274.39
ORD-294708,2024-07-27,2024-07,7456,Australia,Books,Cookbook,5,409.46,2047.3
ORD-304019,2024-07-13,2024-07,5040,Spain,Food,Pasta,4,83.88,335.52
ORD-817718,2024-07-13,2024-07,9948,Australia,Office Supplies,Notebook,2,90.57,181.14
ORD-507976,2024-07-16,2024-07,6371,Italy,Food,Rice,6,21.9,131.4
ORD-460002,2024-07-19,2024-07,3747,Japan,Office Supplies,Stapler,4,118.61,474.44
ORD-211369,2024-07-08,2024-07,9679,Canada,Office Supplies,Desk Organizer,9,431.62,3884.58
ORD-505042,2024-07-21,2024-07,7409,USA,Sports,Basketball,5,249.92,1249.6
ORD-964930,2024-07-16,2024-07,6314,Spain,Electronics,Monitor,5,1557.36,7786.8
ORD-808236,2024-07-10,2024-07,5287,Germany,Books,Novel,2,317.78,635.56
ORD-728098,2024-07-27,2024-07,9393,Sweden,Office Supplies,Notebook,8,65.47,523.76
ORD-710247,2024-07-17,2024-07,8933,Germany,Food,Organic Coffee,6,84.14,504.84
ORD-422521,2024-07-27,2024-07,4866,Canada,Home & Garden,Plant Pot,7,188.47,1319.29
ORD-312123,2024-07-04,2024-07,2445,China,Sports,Tennis Racket,6,170.12,1020.72
ORD-598970,2024-07-20,2024-07,2756,Australia,Books,Cookbook,7,444.19,3109.33
ORD-148016,2024-07-14,2024-07,9593,Spain,Clothing,Sneakers,6,229.19,1375.14
ORD-397249,2024-07-05,2024-07,1263,Netherlands,Office Supplies,Whiteboard,2,351.59,703.18
ORD-227940,2024-07-15,2024-07,2427,UK,Electronics,Monitor,9,796.72,7170.48
ORD-107053,2024-07-24,2024-07,9580,India,Beauty,Moisturizer,8,419.11,3352.88
ORD-998056,2024-07-28,2024-07,5451,Germany,Sports,Running Shoes,9,261.99,2357.91
ORD-948400,2024-07-05,2024-07,6706,Sweden,Toys,Lego Set,9,468.24,4214.16
ORD-535696,2024-07-28,2024-07,8014,Australia,Toys,Board Game,9,388.73,3498.57
ORD-616645,2024-07-10,2024-07,8369,France,Automotive,Oil Filter,3,432.67,1298.01
ORD-868488,2024-07-22,2024-07,6535,Italy,Automotive,Phone Mount,6,147.01,882.06
ORD-286410,2024-07-23,2024-07,7913,Spain,Sports,Basketball,5,422.37,2111.85
ORD-448436,2024-07-04,2024-07,9225,India,Food,Pasta,7,96.93,678.51
ORD-490598,2024-07-02,2024-07,1416,Sweden,Food,Organic Coffee,5,9.07,45.35
ORD-938139,2024-07-08,2024-07,4761,Canada,Office Supplies,Paper Clips,2,74.25,148.5
ORD-135430,2024-07-01,2024-07,6340,Germany,Sports,Dumbbells,8,168.75,1350.0
ORD-397700,2024-07-24,2024-07,9548,Brazil,Books,Travel Guide,2,99.25,198.5
ORD-251070,2024-07-19,2024-07,5968,Japan,Home & Garden,Lamp,8,313.78,2510.24
ORD-774387,2024-07-21,2024-07,9185,China,Books,Travel Guide,5,396.53,1982.65
ORD-486750,2024-07-12,2024-07,7771,UK,Food,Organic Coffee,3,85.37,256.11
ORD-841936,2024-07-07,2024-07,5717,Brazil,Books,Textbook,3,404.64,1213.92
ORD-736044,2024-07-27,2024-07,9902,Germany,Clothing,Jacket,4,40.83,163.32
ORD-194215,2024-07-03,2024-07,3346,India,Electronics,Camera,1,165.02,165.02
ORD-585685,2024-07-16,2024-07,9512,France,Books,Travel Guide,9,88.47,796.23
ORD-797467,2024-07-16,2024-07,6652,Spain,Electronics,Tablet,2,837.85,1675.7
ORD-372986,2024-07-12,2024-07,8471,Sweden,Food,Honey,6,50.61,303.66
ORD-134281,2024-07-05,2024-07,6950,China,Automotive,Floor Mat,10,195.67,1956.7
ORD-500988,2024-07-27,2024-07,6331,Brazil,Food,Green Tea,8,78.67,629.36
ORD-226804,2024-07-18,2024-07,4950,USA,Clothing,Shorts,8,435.82,3486.56
ORD-925451,2024-07-22,2024-07,8680,China,Food,Green Tea,8,25.43,203.44
ORD-744674,2024-08-06,2024-08,4049,UK,Electronics,Monitor,10,352.62,3526.2
ORD-789173,2024-08-24,2024-08,4507,Canada,Toys,Lego Set,6,219.28,1315.68
ORD-440894,2024-08-18,2024-08,2234,Brazil,Home & Garden,Vase,3,80.5,241.5
ORD-538174,2024-08-18,2024-08,6958,Australia,Books,Biography,5,470.45,2352.25
ORD-269409,2024-08-24,2024-08,3001,Italy,Beauty,Brush Set,4,442.43,1769.72
ORD-705666,2024-08-19,2024-08,7440,USA,Home & Garden,Vase,5,172.99,864.95
ORD-560110,2024-08-15,2024-08,9161,UK,Office Supplies,Notebook,10,305.77,3057.7
ORD-358462,2024-08-03,2024-08,1044,China,Food,Honey,6,20.4,122.4
ORD-244992,2024-08-04,2024-08,8676,Italy,Automotive,Oil Filter,6,114.98,689.88
ORD-241260,2024-08-01,2024-08,9502,UK,Books,Cookbook,2,408.04,816.08
ORD-378199,2024-08-07,2024-08,6968,Brazil,Toys,Board Game,1,94.9,94.9
ORD-559664,2024-08-17,2024-08,9010,Brazil,Office Supplies,Envelope,10,257.9,2579.0
ORD-768390,2024-08-17,2024-08,6723,Mexico,Books,Dictionary,4,185.11,740.44
ORD-311807,2024-08-27,2024-08,9765,Spain,Toys,Board Game,1,462.05,462.05
ORD-996727,2024-08-13,2024-08,1284,Germany,Home & Garden,Picture Frame,10,326.25,3262.5
ORD-320254,2024-08-12,2024-08,6254,Canada,Clothing,Scarf,3,419.24,1257.72
ORD-885675,2024-08-19,2024-08,2533,Mexico,Electronics,Tablet,10,376.59,3765.9
ORD-302219,2024-08-07,2024-08,6705,France,Electronics,Smartphone,9,982.04,8838.36
ORD-186662,2024-08-01,2024-08,1928,Sweden,Office Supplies,Paper Clips,8,292.51,2340.08
ORD-517143,2024-08-20,2024-08,4447,Canada,Office Supplies,Envelope,3,484.03,1452.09
ORD-530033,2024-08-07,2024-08,1793,Canada,Food,Honey,8,19.95,159.6
ORD-221565,2024-08-20,2024-08,8644,Canada,Food,Organic Coffee,2,78.28,156.56
ORD-226832,2024-08-05,2024-08,2846,Canada,Toys,Drone,1,457.51,457.51
ORD-896867,2024-08-11,2024-08,1522,Italy,Beauty,Perfume,9,334.24,3008.16
ORD-138821,2024-08-20,2024-08,8170,Sweden,Books,Biography,4,375.92,1503.68
ORD-114060,2024-08-13,2024-08,5810,Japan,Office Supplies,Paper Clips,9,175.28,1577.52
ORD-284693,2024-08-17,2024-08,3930,Spain,Beauty,Sunscreen,5,60.78,303.9
ORD-755725,2024-08-26,2024-08,2645,USA,Clothing,Dress,7,283.61,1985.27
ORD-241174,2024-08-01,2024-08,9598,Netherlands,Food,Rice,6,59.76,358.56
ORD-303060,2024-08-05,2024-08,3459,Japan,Office Supplies,Whiteboard,10,18.39,183.9
ORD-944483,2024-08-26,2024-08,7008,Netherlands,Sports,Bicycle Helmet,1,42.35,42.35
ORD-963495,2024-08-25,2024-08,4516,UK,Office Supplies,Desk Organizer,8,350.33,2802.64
ORD-544451,2024-08-04,2024-08,1279,China,Clothing,Sneakers,4,79.52,318.08
ORD-322311,2024-08-12,2024-08,6882,Brazil,Automotive,Phone Mount,3,199.81,599.43
ORD-247687,2024-08-24,2024-08,1443,Sweden,Home & Garden,Candle,1,391.48,391.48
ORD-342018,2024-08-12,2024-08,8894,Canada,Electronics,Keyboard,8,1247.79,9982.32
ORD-853759,2024-08-20,2024-08,9107,UK,Home & Garden,Plant Pot,8,313.52,2508.16
ORD-236301,2024-08-19,2024-08,2398,Netherlands,Toys,Drone,4,20.97,83.88
ORD-967977,2024-08-11,2024-08,3072,Australia,Home & Garden,Candle,3,137.92,413.76
ORD-746066,2024-08-08,2024-08,1124,USA,Books,Comic,1,38.74,38.74
ORD-543745,2024-08-25,2024-08,6950,India,Toys,Art Set,6,323.52,1941.12
ORD-490038,2024-08-15,2024-08,6050,Australia,Office Supplies,Notebook,6,299.16,1794.96
ORD-243507,2024-08-09,2024-08,5670,Germany,Toys,Lego Set,2,244.99,489.98
ORD-906519,2024-08-04,2024-08,5114,USA,Beauty,Nail Polish,1,31.62,31.62
ORD-680746,2024-08-07,2024-08,2941,USA,Automotive,Dash Camera,7,23.06,161.42
ORD-612737,2024-08-09,2024-08,4765,Japan,Clothing,Scarf,2,384.09,768.18
ORD-569511,2024-08-01,2024-08,3652,Brazil,Toys,Board Game,6,263.26,1579.56
ORD-838516,2024-08-24,2024-08,2759,Netherlands,Food,Organic Coffee,6,15.28,91.68
ORD-206604,2024-08-17,2024-08,1996,Germany,Beauty,Shampoo,8,30.8,246.4
ORD-952489,2024-08-08,2024-08,5038,Italy,Electronics,Mouse,1,697.67,697.67
ORD-283480,2024-08-10,2024-08,5714,China,Sports,Tennis Racket,7,107.75,754.25
ORD-657519,2024-08-19,2024-08,2871,USA,Books,Novel,6,223.2,1339.2
ORD-620276,2024-08-23,2024-08,9652,Japan,Sports,Jump Rope,5,220.45,1102.25
ORD-736446,2024-08-01,2024-08,1486,Brazil,Books,Textbook,4,173.54,694.16
ORD-558027,2024-08-09,2024-08,7595,Sweden,Food,Chocolate,7,84.64,592.48
ORD-833455,2024-08-03,2024-08,3439,India,Clothing,Hoodie,3,267.06,801.18
ORD-205032,2024-08-09,2024-08,8782,USA,Electronics,Laptop,7,835.82,5850.74
ORD-568641,2024-08-03,2024-08,6088,Spain,Sports,Yoga Mat,1,399.6,399.6
ORD-714008,2024-08-09,2024-08,8956,Sweden,Beauty,Shampoo,5,28.3,141.5
ORD-702059,2024-08-23,2024-08,4865,Netherlands,Automotive,Dash Camera,5,285.83,1429.15
ORD-144351,2024-08-23,2024-08,1049,Mexico,Sports,Water Bottle,3,42.23,126.69
ORD-961627,2024-08-19,2024-08,5186,Spain,Office Supplies,Pen,10,155.84,1558.4
ORD-585750,2024-08-08,2024-08,9141,Mexico,Toys,Art Set,4,327.53,1310.12
ORD-207012,2024-08-20,2024-08,8192,Japan,Clothing,Shorts,5,282.71,1413.55
ORD-608581,2024-08-07,2024-08,7731,UK,Toys,Puzzle,1,247.63,247.63
ORD-558116,2024-08-08,2024-08,8862,Germany,Office Supplies,Whiteboard,6,417.15,2502.9
ORD-567736,2024-08-19,2024-08,3998,India,Books,Comic,10,456.87,4568.7
ORD-127584,2024-08-14,2024-08,1240,UK,Clothing,Dress,3,425.58,1276.74
ORD-985261,2024-08-15,2024-08,4511,Brazil,Beauty,Moisturizer,9,411.71,3705.39
ORD-761467,2024-08-02,2024-08,3810,Japan,Clothing,Jeans,1,422.1,422.1
ORD-699326,2024-08-12,2024-08,5251,Germany,Clothing,Jeans,10,345.33,3453.3
ORD-566046,2024-08-05,2024-08,9404,Sweden,Office Supplies,Envelope,2,449.75,899.5
ORD-673170,2024-08-22,2024-08,1367,Sweden,Automotive,Floor Mat,2,259.03,518.06
ORD-573213,2024-08-05,2024-08,7537,Brazil,Home & Garden,Picture Frame,2,88.75,177.5
ORD-558927,2024-08-15,2024-08,6833,India,Automotive,Seat Cover,6,486.53,2919.18
ORD-149096,2024-08-26,2024-08,1188,USA,Automotive,Air Freshener,9,22.59,203.31
ORD-983025,2024-08-22,2024-08,7861,China,Beauty,Face Mask,3,55.91,167.73
ORD-265497,2024-08-20,2024-08,4095,France,Toys,Puzzle,2,207.58,415.16
ORD-686876,2024-08-06,2024-08,9370,Spain,Beauty,Sunscreen,7,303.95,2127.65
ORD-796866,2024-08-25,2024-08,9268,Italy,Food,Chocolate,8,42.25,338.0
ORD-371215,2024-08-12,2024-08,1819,India,Home & Garden,Plant Pot,2,122.38,244.76
ORD-678654,2024-08-12,2024-08,2448,Canada,Office Supplies,Sticky Notes,8,219.3,1754.4
ORD-685302,2024-08-22,2024-08,5065,France,Food,Chocolate,9,89.91,809.19
ORD-709258,2024-08-04,2024-08,4672,Australia,Sports,Bicycle Helmet,8,391.73,3133.84
ORD-836111,2024-08-02,2024-08,7523,Mexico,Food,Pasta,7,89.05,623.35
ORD-741522,2024-08-18,2024-08,5637,Japan,Office Supplies,Sticky Notes,5,131.84,659.2
ORD-565511,2024-08-17,2024-08,8033,China,Electronics,Camera,2,659.17,1318.34
ORD-708171,2024-08-13,2024-08,1190,Canada,Food,Rice,6,18.52,111.12
ORD-701746,2024-08-18,2024-08,4983,Brazil,Toys,Plush Toy,9,71.28,641.52
ORD-143083,2024-08-23,2024-08,4637,Brazil,Home & Garden,Lamp,10,255.89,2558.9
ORD-566799,2024-08-16,2024-08,8141,Japan,Food,Pasta,9,19.38,174.42
ORD-177440,2024-08-27,2024-08,2116,India,Toys,Board Game,5,41.07,205.35
ORD-771190,2024-08-22,2024-08,4513,Australia,Clothing,Sneakers,10,380.19,3801.9
ORD-100445,2024-08-08,2024-08,3674,Canada,Books,Travel Guide,7,114.54,801.78
ORD-198980,2024-08-09,2024-08,6598,USA,Food,Olive Oil,9,35.52,319.68
ORD-886931,2024-08-06,2024-08,7563,Sweden,Sports,Yoga Mat,5,186.55,932.75
ORD-433325,2024-08-04,2024-08,5949,France,Beauty,Perfume,7,311.98,2183.86
ORD-521595,2024-08-01,2024-08,1517,France,Books,Comic,7,395.97,2771.79
ORD-232935,2024-08-24,2024-08,2035,Sweden,Beauty,Brush Set,9,42.01,378.09
ORD-520169,2024-08-18,2024-08,5238,Brazil,Office Supplies,Pen,1,478.65,478.65
ORD-533795,2024-08-09,2024-08,8564,Canada,Automotive,Air Freshener,5,49.01,245.05
ORD-757027,2024-08-11,2024-08,9470,Netherlands,Clothing,Sneakers,7,315.05,2205.35
ORD-832829,2024-08-22,2024-08,7169,India,Home & Garden,Lamp,4,273.82,1095.28
ORD-822142,2024-08-17,2024-08,7485,France,Office Supplies,Envelope,5,196.77,983.85
ORD-216020,2024-08-09,2024-08,2479,India,Sports,Basketball,1,489.66,489.66
ORD-985856,2024-08-20,2024-08,3033,Italy,Office Supplies,Stapler,1,342.97,342.97
ORD-468323,2024-08-13,2024-08,8827,Italy,Sports,Water Bottle,1,445.69,445.69
ORD-338099,2024-08-14,2024-08,2857,Canada,Clothing,Scarf,1,344.56,344.56
ORD-843814,2024-08-14,2024-08,9811,Germany,Automotive,Wiper,7,164.05,1148.35
ORD-609092,2024-08-12,2024-08,3060,Australia,Clothing,Dress,7,303.75,2126.25
ORD-946194,2024-08-21,2024-08,1125,India,Electronics,Laptop,5,1320.09,6600.45
ORD-493262,2024-08-02,2024-08,3226,UK,Home & Garden,Picture Frame,7,153.73,1076.11
ORD-927513,2024-08-16,2024-08,5488,Japan,Automotive,Wiper,6,211.13,1266.78
ORD-430036,2024-08-27,2024-08,8140,USA,Home & Garden,Throw Blanket,5,397.35,1986.75
ORD-698957,2024-08-15,2024-08,7940,Spain,Sports,Jump Rope,1,176.56,176.56
ORD-130294,2024-08-07,2024-08,8382,Germany,Home & Garden,Cushion,10,392.82,3928.2
ORD-499780,2024-08-26,2024-08,7965,Netherlands,Food,Olive Oil,7,40.11,280.77
ORD-515750,2024-08-23,2024-08,3143,Australia,Food,Spices,2,32.47,64.94
ORD-268049,2024-08-02,2024-08,6472,Germany,Office Supplies,Desk Organizer,7,14.49,101.43
ORD-548981,2024-08-10,2024-08,4059,UK,Clothing,Jacket,8,98.71,789.68
ORD-170603,2024-08-05,2024-08,8837,Japan,Beauty,Sunscreen,10,384.27,3842.7
ORD-196783,2024-08-06,2024-08,7392,Canada,Electronics,Smartphone,2,597.81,1195.62
ORD-162881,2024-08-26,2024-08,7103,Brazil,Automotive,Floor Mat,7,263.36,1843.52
ORD-604575,2024-08-16,2024-08,1100,Canada,Automotive,Car Charger,7,298.52,2089.64
ORD-724452,2024-08-28,2024-08,9102,Germany,Automotive,Air Freshener,10,48.77,487.7
ORD-853169,2024-08-26,2024-08,6871,Sweden,Beauty,Moisturizer,3,143.87,431.61
ORD-865929,2024-08-26,2024-08,7693,Mexico,Home & Garden,Throw Blanket,3,218.24,654.72
ORD-458770,2024-08-17,2024-08,2817,Germany,Food,Organic Coffee,8,28.87,230.96
ORD-150429,2024-08-19,2024-08,4735,Italy,Toys,Card Game,9,367.45,3307.05
ORD-639026,2024-08-21,2024-08,8556,Netherlands,Automotive,Phone Mount,5,92.71,463.55
ORD-627918,2024-08-22,2024-08,3864,Canada,Home & Garden,Throw Blanket,4,283.17,1132.68
ORD-149439,2024-08-25,2024-08,6313,Spain,Home & Garden,Cushion,5,490.17,2450.85
ORD-454984,2024-08-21,2024-08,1515,France,Toys,Plush Toy,8,190.04,1520.32
ORD-847556,2024-08-05,2024-08,3386,Canada,Books,Textbook,3,472.79,1418.37
ORD-572645,2024-08-20,2024-08,8331,Mexico,Home & Garden,Clock,2,369.39,738.78
ORD-613052,2024-08-22,2024-08,8182,Germany,Toys,Action Figure,3,153.8,461.4
ORD-818361,2024-08-27,2024-08,3780,Netherlands,Electronics,Headphones,7,1132.42,7926.94
ORD-163730,2024-08-23,2024-08,3780,Australia,Clothing,Scarf,9,16.18,145.62
ORD-849478,2024-08-27,2024-08,2102,Germany,Office Supplies,Sticky Notes,6,30.43,182.58
ORD-854121,2024-08-26,2024-08,4184,India,Electronics,Keyboard,6,1958.78,11752.68
ORD-988951,2024-08-20,2024-08,9934,France,Automotive,Air Freshener,6,447.96,2687.76
ORD-639704,2024-08-28,2024-08,4760,USA,Home & Garden,Plant Pot,2,461.21,922.42
ORD-983488,2024-08-17,2024-08,2132,China,Toys,Art Set,2,150.44,300.88
ORD-374362,2024-08-09,2024-08,7962,France,Sports,Running Shoes,6,134.65,807.9
ORD-479198,2024-08-18,2024-08,5290,Netherlands,Toys,Board Game,9,113.03,1017.27
ORD-116325,2024-08-23,2024-08,2080,China,Beauty,Lipstick,2,394.3,788.6
ORD-637387,2024-08-18,2024-08,6251,UK,Books,Textbook,9,233.68,2103.12
ORD-714807,2024-08-20,2024-08,5185,Spain,Automotive,Wiper,7,288.27,2017.89
ORD-420942,2024-08-25,2024-08,9645,Sweden,Automotive,Air Freshener,1,348.39,348.39
ORD-814105,2024-08-16,2024-08,6152,Netherlands,Beauty,Perfume,8,61.28,490.24
ORD-666699,2024-08-02,2024-08,3253,Germany,Home & Garden,Lamp,10,407.01,4070.1
ORD-780208,2024-08-05,2024-08,7247,France,Home & Garden,Throw Blanket,9,453.23,4079.07
ORD-930837,2024-08-17,2024-08,4709,UK,Office Supplies,Envelope,10,125.38,1253.8
ORD-510933,2024-08-22,2024-08,2690,Mexico,Food,Green Tea,1,57.22,57.22
ORD-846261,2024-08-17,2024-08,3574,UK,Office Supplies,Paper Clips,1,434.8,434.8
ORD-294106,2024-08-02,2024-08,4474,Canada,Food,Honey,1,82.54,82.54
ORD-583717,2024-08-03,2024-08,4768,USA,Food,Organic Coffee,7,70.71,494.97
ORD-804090,2024-08-01,2024-08,8110,USA,Toys,Puzzle,10,258.88,2588.8
ORD-298548,2024-08-18,2024-08,8878,USA,Toys,Puzzle,5,50.97,254.85
ORD-679896,2024-08-02,2024-08,7105,France,Toys,Puzzle,4,459.46,1837.84
ORD-924357,2024-08-03,2024-08,5740,Mexico,Sports,Water Bottle,1,298.92,298.92
ORD-772676,2024-08-25,2024-08,8906,Spain,Home & Garden,Lamp,9,385.55,3469.95
ORD-431761,2024-08-14,2024-08,3265,France,Books,Dictionary,10,434.51,4345.1
ORD-579245,2024-08-24,2024-08,2600,Germany,Electronics,Laptop,1,1557.53,1557.53
ORD-878247,2024-08-27,2024-08,7623,Australia,Food,Organic Coffee,6,82.48,494.88
ORD-557086,2024-08-01,2024-08,7212,Australia,Beauty,Shampoo,1,452.44,452.44
ORD-488988,2024-08-03,2024-08,8091,France,Toys,Drone,7,46.17,323.19
ORD-395900,2024-08-27,2024-08,5900,Italy,Clothing,Jeans,4,446.99,1787.96
ORD-381924,2024-08-13,2024-08,1025,Canada,Beauty,Face Mask,10,310.92,3109.2
ORD-550779,2024-08-25,2024-08,8691,Australia,Electronics,Laptop,4,1145.31,4581.24
ORD-860863,2024-08-18,2024-08,7876,France,Automotive,Seat Cover,9,79.01,711.09
ORD-345450,2024-08-15,2024-08,7639,India,Food,Spices,9,79.57,716.13
ORD-919555,2024-08-17,2024-08,9846,China,Toys,Puzzle,8,497.55,3980.4
ORD-480655,2024-08-26,2024-08,2190,Australia,Sports,Yoga Mat,3,299.77,899.31
ORD-348247,2024-08-13,2024-08,8430,Sweden,Clothing,Scarf,10,21.45,214.5
ORD-576632,2024-08-14,2024-08,3072,UK,Electronics,Smartphone,6,1768.3,10609.8
ORD-680172,2024-08-01,2024-08,9552,Japan,Office Supplies,Stapler,2,158.34,316.68
ORD-478752,2024-08-05,2024-08,1095,Sweden,Office Supplies,Desk Organizer,8,470.97,3767.76
ORD-840364,2024-08-15,2024-08,6498,Canada,Automotive,Phone Mount,5,248.46,1242.3
ORD-201263,2024-08-13,2024-08,2478,France,Food,Chocolate,2,62.2,124.4
ORD-522379,2024-08-03,2024-08,9877,France,Automotive,Air Freshener,10,308.19,3081.9
ORD-450504,2024-08-06,2024-08,3257,UK,Toys,Plush Toy,8,79.05,632.4
ORD-856029,2024-08-02,2024-08,9392,China,Office Supplies,Notebook,5,407.47,2037.35
ORD-490959,2024-08-27,2024-08,7003,Canada,Home & Garden,Throw Blanket,5,281.24,1406.2
ORD-985964,2024-08-25,2024-08,8964,Japan,Electronics,Monitor,1,1036.31,1036.31
ORD-118939,2024-08-27,2024-08,3318,China,Food,Rice,10,5.01,50.1
ORD-388472,2024-08-23,2024-08,1815,Germany,Clothing,Shorts,7,450.25,3151.75
ORD-286253,2024-08-27,2024-08,1865,Germany,Beauty,Perfume,8,76.65,613.2
ORD-105302,2024-08-24,2024-08,9242,Sweden,Food,Rice,5,89.12,445.6
ORD-291646,2024-08-21,2024-08,1957,Brazil,Clothing,Scarf,9,473.21,4258.89
ORD-176009,2024-08-03,2024-08,3636,Germany,Home & Garden,Clock,7,76.76,537.32
ORD-689780,2024-08-16,2024-08,7381,USA,Automotive,Phone Mount,6,42.3,253.8
ORD-286646,2024-08-12,2024-08,1966,India,Clothing,Jeans,10,487.62,4876.2
ORD-880002,2024-08-06,2024-08,8599,Australia,Clothing,Jeans,1,219.43,219.43
ORD-145980,2024-08-27,2024-08,6942,USA,Books,Journal,4,289.06,1156.24
ORD-104827,2024-08-14,2024-08,1537,Spain,Beauty,Shampoo,1,300.89,300.89
ORD-689063,2024-08-17,2024-08,8927,Sweden,Home & Garden,Candle,5,291.26,1456.3
ORD-647254,2024-08-21,2024-08,6361,Spain,Home & Garden,Vase,10,79.02,790.2
ORD-724089,2024-08-28,2024-08,8673,Netherlands,Toys,Action Figure,3,211.94,635.82
ORD-754736,2024-08-04,2024-08,5212,Spain,Home & Garden,Clock,2,212.58,425.16
ORD-186656,2024-08-26,2024-08,9432,Germany,Food,Chocolate,9,34.53,310.77
ORD-912314,2024-08-11,2024-08,4493,France,Clothing,T-Shirt,6,32.25,193.5
ORD-921739,2024-08-15,2024-08,7607,Canada,Books,Cookbook,4,447.28,1789.12
ORD-453784,2024-08-25,2024-08,6897,Brazil,Beauty,Sunscreen,4,441.84,1767.36
ORD-556572,2024-08-28,2024-08,3480,Japan,Toys,Board Game,9,143.77,1293.93
ORD-414127,2024-08-19,2024-08,1637,Germany,Toys,Art Set,5,278.5,1392.5
ORD-939072,2024-08-10,2024-08,9879,Brazil,Automotive,Seat Cover,6,484.16,2904.96
ORD-450216,2024-08-05,2024-08,4733,Japan,Toys,Plush Toy,6,274.69,1648.14
ORD-477598,2024-08-09,2024-08,1869,Sweden,Beauty,Brush Set,7,355.3,2487.1
ORD-267201,2024-08-03,2024-08,8356,Australia,Office Supplies,Desk Organizer,7,188.47,1319.29
ORD-667114,2024-08-27,2024-08,4374,Italy,Office Supplies,Stapler,1,14.77,14.77
ORD-866110,2024-08-16,2024-08,6460,USA,Sports,Dumbbells,5,318.18,1590.9
ORD-204980,2024-08-08,2024-08,1451,Sweden,Office Supplies,Notebook,2,58.87,117.74
ORD-249237,2024-08-20,2024-08,8580,Canada,Automotive,Wiper,1,493.28,493.28
ORD-276360,2024-08-13,2024-08,6382,Mexico,Home & Garden,Clock,3,36.45,109.35
ORD-832569,2024-08-08,2024-08,1389,Sweden,Toys,Card Game,5,164.41,822.05
ORD-559000,2024-08-03,2024-08,2362,Sweden,Food,Organic Coffee,3,68.35,205.05
ORD-896442,2024-08-02,2024-08,6140,Netherlands,Office Supplies,Desk Organizer,7,15.18,106.26
ORD-463881,2024-08-11,2024-08,1831,Canada,Clothing,Hoodie,3,115.15,345.45
ORD-204745,2024-08-15,2024-08,5253,USA,Beauty,Face Mask,8,148.43,1187.44
ORD-842703,2024-08-20,2024-08,8257,China,Books,Cookbook,6,279.86,1679.16
ORD-110195,2024-08-25,2024-08,6999,Mexico,Electronics,Headphones,1,1667.01,1667.01
ORD-823548,2024-08-25,2024-08,7433,France,Home & Garden,Vase,4,363.47,1453.88
ORD-549218,2024-08-05,2024-08,2941,Australia,Electronics,Camera,4,1878.49,7513.96
ORD-198351,2024-08-03,2024-08,1747,Canada,Automotive,Floor Mat,10,275.95,2759.5
ORD-491957,2024-08-12,2024-08,4627,Brazil,Sports,Running Shoes,4,179.59,718.36
ORD-527354,2024-08-13,2024-08,6578,Australia,Food,Organic Coffee,1,11.71,11.71
ORD-964286,2024-08-01,2024-08,8977,Mexico,Office Supplies,Pen,7,204.91,1434.37
ORD-375532,2024-08-13,2024-08,9970,Brazil,Electronics,Smartphone,8,1448.4,11587.2
ORD-851468,2024-08-09,2024-08,1722,Brazil,Books,Journal,3,350.25,1050.75
ORD-335959,2024-08-19,2024-08,4568,France,Books,Comic,6,352.46,2114.76
ORD-450407,2024-08-15,2024-08,1336,China,Electronics,Keyboard,3,785.11,2355.33
ORD-176418,2024-08-21,2024-08,6375,UK,Electronics,Headphones,1,728.48,728.48
ORD-292565,2024-08-09,2024-08,9081,Australia,Books,Travel Guide,7,73.7,515.9
ORD-758229,2024-08-09,2024-08,5683,Brazil,Clothing,Scarf,1,100.05,100.05
ORD-997593,2024-08-26,2024-08,4060,Germany,Office Supplies,Stapler,6,118.45,710.7
ORD-774392,2024-08-26,2024-08,2560,Italy,Clothing,T-Shirt,1,25.65,25.65
ORD-682783,2024-08-01,2024-08,7910,Germany,Electronics,Monitor,9,1292.55,11632.95
ORD-192679,2024-08-01,2024-08,7783,Germany,Automotive,Floor Mat,2,84.22,168.44
ORD-395268,2024-08-26,2024-08,7291,Germany,Toys,Art Set,1,76.68,76.68
ORD-573062,2024-08-19,2024-08,6480,Spain,Beauty,Face Mask,9,282.68,2544.12
ORD-908521,2024-08-06,2024-08,6296,Canada,Office Supplies,Stapler,10,300.78,3007.8
ORD-539437,2024-08-02,2024-08,7938,Japan,Home & Garden,Throw Blanket,4,123.16,492.64
ORD-181513,2024-08-12,2024-08,3935,China,Electronics,Tablet,3,739.76,2219.28
ORD-101150,2024-08-01,2024-08,5191,Sweden,Beauty,Brush Set,3,350.5,1051.5
ORD-848362,2024-08-12,2024-08,8289,Spain,Clothing,Jeans,4,422.51,1690.04
ORD-778465,2024-08-23,2024-08,1100,Japan,Food,Olive Oil,2,95.96,191.92
ORD-700677,2024-08-17,2024-08,3800,Sweden,Clothing,Hoodie,9,394.98,3554.82
ORD-627573,2024-08-04,2024-08,9009,India,Electronics,Monitor,2,895.78,1791.56
ORD-428149,2024-08-18,2024-08,8152,Australia,Books,Dictionary,10,279.79,2797.9
ORD-641866,2024-08-23,2024-08,8598,Italy,Beauty,Perfume,9,56.16,505.44
ORD-999762,2024-08-08,2024-08,1728,Sweden,Electronics,Monitor,10,983.56,9835.6
ORD-602888,2024-08-05,2024-08,4538,India,Clothing,Shorts,10,259.17,2591.7
ORD-638877,2024-08-10,2024-08,3824,Australia,Automotive,Floor Mat,2,434.45,868.9
ORD-324134,2024-08-01,2024-08,3262,UK,Food,Chocolate,9,10.13,91.17
ORD-794666,2024-08-27,2024-08,5825,Mexico,Automotive,Air Freshener,3,489.9,1469.7
ORD-786642,2024-08-09,2024-08,3547,Canada,Electronics,Camera,5,593.55,2967.75
ORD-705316,2024-08-14,2024-08,4463,Canada,Food,Green Tea,6,97.52,585.12
ORD-137870,2024-08-21,2024-08,4215,Italy,Electronics,Tablet,3,1482.83,4448.49
ORD-993780,2024-08-23,2024-08,4405,Sweden,Electronics,Camera,4,1406.96,5627.84
ORD-829234,2024-08-12,2024-08,3149,China,Food,Chocolate,3,85.8,257.4
ORD-627788,2024-08-07,2024-08,2691,Italy,Books,Dictionary,3,30.3,90.9
ORD-306612,2024-08-02,2024-08,2532,Sweden,Toys,Card Game,7,209.51,1466.57
ORD-579113,2024-08-26,2024-08,1047,Italy,Electronics,Monitor,8,1210.0,9680.0
ORD-335137,2024-08-19,2024-08,8530,Sweden,Sports,Bicycle Helmet,9,57.02,513.18
ORD-535904,2024-08-06,2024-08,3163,Mexico,Clothing,T-Shirt,2,495.43,990.86
ORD-710313,2024-08-28,2024-08,2212,Japan,Beauty,Sunscreen,3,307.98,923.94
ORD-961067,2024-08-01,2024-08,9698,Spain,Books,Textbook,9,139.2,1252.8
ORD-940390,2024-08-06,2024-08,5520,Japan,Clothing,Shorts,2,83.91,167.82
ORD-525577,2024-08-01,2024-08,4326,China,Clothing,Shorts,6,255.53,1533.18
ORD-501777,2024-08-25,2024-08,7038,China,Toys,Drone,1,439.74,439.74
ORD-479637,2024-08-19,2024-08,4831,Canada,Toys,Lego Set,7,260.95,1826.65
ORD-415100,2024-08-10,2024-08,6925,India,Electronics,Camera,5,1568.67,7843.35
ORD-907623,2024-08-07,2024-08,1592,Japan,Beauty,Nail Polish,10,345.58,3455.8
ORD-495238,2024-08-01,2024-08,4089,Australia,Books,Travel Guide,10,158.13,1581.3
ORD-554914,2024-08-28,2024-08,3740,UK,Beauty,Lipstick,3,92.78,278.34
ORD-797790,2024-08-09,2024-08,2924,UK,Clothing,Dress,7,116.06,812.42
ORD-991447,2024-08-22,2024-08,3251,France,Sports,Basketball,9,84.14,757.26
ORD-527361,2024-08-22,2024-08,9408,India,Electronics,Mouse,10,1254.51,12545.1
ORD-698625,2024-08-27,2024-08,3416,Sweden,Books,Comic,10,358.5,3585.0
ORD-240486,2024-08-18,2024-08,7230,Germany,Home & Garden,Vase,4,176.03,704.12
ORD-657453,2024-08-12,2024-08,5615,Sweden,Beauty,Perfume,6,336.69,2020.14
ORD-948210,2024-08-07,2024-08,4864,France,Books,Biography,1,475.19,475.19
ORD-623772,2024-08-27,2024-08,4946,Italy,Clothing,Jeans,9,189.26,1703.34
ORD-916171,2024-08-09,2024-08,7646,Italy,Electronics,Monitor,8,771.1,6168.8
ORD-715332,2024-08-11,2024-08,7396,China,Office Supplies,Whiteboard,7,400.07,2800.49
ORD-595125,2024-08-08,2024-08,5395,Australia,Sports,Water Bottle,10,223.93,2239.3
ORD-500878,2024-08-24,2024-08,5437,Sweden,Toys,Drone,9,301.38,2712.42
ORD-459931,2024-08-09,2024-08,2041,Sweden,Toys,Action Figure,3,71.97,215.91
ORD-448169,2024-08-23,2024-08,5678,Brazil,Sports,Yoga Mat,10,455.05,4550.5
ORD-724893,2024-08-11,2024-08,6019,Netherlands,Automotive,Dash Camera,7,100.83,705.81
ORD-290551,2024-08-13,2024-08,3336,India,Sports,Basketball,8,204.57,1636.56
ORD-351236,2024-08-28,2024-08,2848,China,Books,Novel,3,490.61,1471.83
ORD-155196,2024-08-06,2024-08,7028,France,Office Supplies,Notebook,5,198.55,992.75
ORD-956244,2024-08-26,2024-08,5338,Germany,Automotive,Seat Cover,7,449.66,3147.62
ORD-574800,2024-08-10,2024-08,2906,Sweden,Home & Garden,Cushion,1,114.61,114.61
ORD-131444,2024-08-04,2024-08,7760,Germany,Books,Journal,1,480.91,480.91
ORD-248990,2024-08-27,2024-08,9751,Brazil,Clothing,Scarf,3,184.57,553.71
ORD-394493,2024-08-18,2024-08,2970,Italy,Clothing,Hoodie,9,228.85,2059.65
ORD-875028,2024-08-27,2024-08,6215,Australia,Food,Olive Oil,5,97.1,485.5
ORD-150970,2024-08-09,2024-08,3887,France,Toys,Art Set,8,423.63,3389.04
ORD-825091,2024-08-06,2024-08,2842,Mexico,Beauty,Lipstick,1,436.15,436.15
ORD-566311,2024-08-24,2024-08,9667,Sweden,Toys,Card Game,4,411.97,1647.88
ORD-526495,2024-08-14,2024-08,8582,India,Beauty,Perfume,6,206.15,1236.9
ORD-777071,2024-08-04,2024-08,4085,USA,Books,Journal,1,146.54,146.54
ORD-125780,2024-08-15,2024-08,1764,Netherlands,Sports,Running Shoes,2,466.89,933.78
ORD-997932,2024-08-01,2024-08,7020,USA,Sports,Yoga Mat,8,461.18,3689.44
ORD-225740,2024-09-11,2024-09,3097,UK,Clothing,Dress,4,236.93,947.72
ORD-906605,2024-09-19,2024-09,7970,Germany,Electronics,Camera,2,1399.98,2799.96
ORD-227531,2024-09-06,2024-09,4565,China,Toys,Puzzle,4,455.13,1820.52
ORD-284560,2024-09-23,2024-09,4245,Australia,Toys,Card Game,7,85.55,598.85
ORD-922181,2024-09-24,2024-09,1438,India,Office Supplies,Stapler,8,319.27,2554.16
ORD-967431,2024-09-12,2024-09,5032,Italy,Sports,Running Shoes,6,483.52,2901.12
ORD-337858,2024-09-05,2024-09,4493,UK,Books,Cookbook,8,323.57,2588.56
ORD-824765,2024-09-10,2024-09,4114,USA,Automotive,Air Freshener,8,188.16,1505.28
ORD-631917,2024-09-08,2024-09,4638,UK,Sports,Water Bottle,2,217.38,434.76
ORD-581416,2024-09-03,2024-09,6734,Japan,Electronics,Mouse,9,1819.43,16374.87
ORD-901627,2024-09-20,2024-09,1746,Japan,Automotive,Air Freshener,2,253.94,507.88
ORD-230737,2024-09-02,2024-09,9284,Japan,Food,Olive Oil,8,14.37,114.96
ORD-333057,2024-09-21,2024-09,3555,Australia,Toys,Puzzle,9,424.21,3817.89
ORD-841816,2024-09-26,2024-09,3996,Mexico,Clothing,Scarf,7,422.49,2957.43
ORD-564116,2024-09-13,2024-09,5294,Spain,Automotive,Floor Mat,6,244.45,1466.7
ORD-248514,2024-09-07,2024-09,5303,Germany,Food,Honey,3,98.3,294.9
ORD-366082,2024-09-04,2024-09,3644,Mexico,Automotive,Car Charger,5,379.65,1898.25
ORD-287315,2024-09-27,2024-09,3522,Italy,Sports,Running Shoes,3,335.85,1007.55
ORD-453929,2024-09-06,2024-09,6795,Japan,Toys,Board Game,10,412.32,4123.2
ORD-937537,2024-09-13,2024-09,4458,Sweden,Sports,Yoga Mat,8,128.7,1029.6
ORD-389175,2024-09-02,2024-09,5008,Brazil,Clothing,Jeans,8,143.06,1144.48
ORD-419700,2024-09-22,2024-09,2712,China,Books,Novel,9,164.48,1480.32
ORD-330426,2024-09-01,2024-09,2999,UK,Automotive,Phone Mount,2,445.35,890.7
ORD-796223,2024-09-02,2024-09,7313,Mexico,Food,Spices,5,53.33,266.65
ORD-865982,2024-09-12,2024-09,7542,Mexico,Books,Journal,6,199.2,1195.2
ORD-938108,2024-09-11,2024-09,5535,Australia,Beauty,Moisturizer,2,133.2,266.4
ORD-175519,2024-09-14,2024-09,3855,Canada,Clothing,Hoodie,5,488.9,2444.5
ORD-803096,2024-09-14,2024-09,2269,Australia,Office Supplies,Desk Organizer,10,143.09,1430.9
ORD-673698,2024-09-07,2024-09,2496,India,Office Supplies,Sticky Notes,8,299.56,2396.48
ORD-119042,2024-09-16,2024-09,9137,USA,Sports,Running Shoes,3,403.68,1211.04
ORD-783701,2024-09-22,2024-09,5155,UK,Food,Spices,10,6.42,64.2
ORD-176851,2024-09-22,2024-09,9128,Italy,Clothing,Jacket,5,54.0,270.0
ORD-523135,2024-09-23,2024-09,4306,Spain,Office Supplies,Paper Clips,10,220.7,2207.0
ORD-597619,2024-09-02,2024-09,8581,Japan,Automotive,Oil Filter,9,287.53,2587.77
ORD-183784,2024-09-16,2024-09,4532,Japan,Clothing,Jacket,4,447.67,1790.68
ORD-582745,2024-09-13,2024-09,4037,Mexico,Food,Chocolate,1,69.12,69.12
ORD-981495,2024-09-18,2024-09,6556,Mexico,Office Supplies,Envelope,4,215.97,863.88
ORD-444788,2024-09-04,2024-09,4407,Germany,Office Supplies,Whiteboard,7,305.28,2136.96
ORD-767873,2024-09-22,2024-09,6058,Brazil,Books,Novel,10,365.29,3652.9
ORD-714563,2024-09-05,2024-09,6486,Canada,Food,Olive Oil,2,9.34,18.68
ORD-385514,2024-09-12,2024-09,2134,Spain,Sports,Yoga Mat,7,248.28,1737.96
ORD-101248,2024-09-10,2024-09,5633,Spain,Office Supplies,Envelope,1,245.17,245.17
ORD-620525,2024-09-10,2024-09,3298,Japan,Toys,Art Set,7,161.5,1130.5
ORD-540181,2024-09-15,2024-09,7568,India,Home & Garden,Clock,2,462.45,924.9
ORD-999574,2024-09-23,2024-09,4298,Japan,Toys,Card Game,5,495.4,2477.0
ORD-593103,2024-09-08,2024-09,6416,Japan,Electronics,Laptop,4,738.36,2953.44
ORD-586961,2024-09-19,2024-09,4263,France,Electronics,Keyboard,3,881.92,2645.76
ORD-244025,2024-09-21,2024-09,8231,Sweden,Clothing,Jeans,6,287.06,1722.36
ORD-588585,2024-09-02,2024-09,7228,Germany,Books,Dictionary,10,350.41,3504.1
ORD-585147,2024-09-04,2024-09,1130,Australia,Food,Rice,3,20.34,61.02
ORD-743911,2024-09-08,2024-09,7775,France,Books,Travel Guide,6,493.85,2963.1
ORD-534055,2024-09-13,2024-09,5751,India,Automotive,Phone Mount,5,180.85,904.25
ORD-881534,2024-09-25,2024-09,8120,Australia,Books,Comic,5,138.25,691.25
ORD-741714,2024-09-03,2024-09,4627,Spain,Home & Garden,Picture Frame,5,397.94,1989.7
ORD-389184,2024-09-20,2024-09,2987,Spain,Toys,Action Figure,5,128.8,644.0
ORD-118010,2024-09-09,2024-09,8387,India,Home & Garden,Vase,5,439.77,2198.85
ORD-624816,2024-09-08,2024-09,9615,UK,Automotive,Air Freshener,6,33.39,200.34
ORD-773757,2024-09-07,2024-09,7883,Italy,Food,Chocolate,9,98.89,890.01
ORD-897178,2024-09-08,2024-09,9558,Canada,Office Supplies,Whiteboard,1,87.27,87.27
ORD-898683,2024-09-06,2024-09,8299,Italy,Food,Organic Coffee,8,15.94,127.52
ORD-401009,2024-09-28,2024-09,1710,France,Beauty,Face Mask,4,264.1,1056.4
ORD-139103,2024-09-26,2024-09,7763,China,Sports,Basketball,3,296.95,890.85
ORD-500033,2024-09-09,2024-09,5004,France,Electronics,Laptop,5,1155.04,5775.2
ORD-873111,2024-09-02,2024-09,2050,India,Food,Olive Oil,3,83.18,249.54
ORD-449509,2024-09-04,2024-09,6828,Spain,Clothing,Jacket,8,109.98,879.84
ORD-102429,2024-09-11,2024-09,7446,Germany,Sports,Bicycle Helmet,8,295.35,2362.8
ORD-412837,2024-09-09,2024-09,8049,Canada,Clothing,Sneakers,9,355.85,3202.65
ORD-333646,2024-09-13,2024-09,4099,Japan,Home & Garden,Cushion,2,118.43,236.86
ORD-299747,2024-09-07,2024-09,9880,USA,Automotive,Phone Mount,3,155.35,466.05
ORD-579743,2024-09-28,2024-09,7674,USA,Food,Honey,5,28.62,143.1
ORD-415891,2024-09-07,2024-09,5796,Japan,Food,Pasta,1,67.32,67.32
ORD-919389,2024-09-24,2024-09,4800,Brazil,Beauty,Nail Polish,7,349.64,2447.48
ORD-845281,2024-09-26,2024-09,9851,Brazil,Electronics,Laptop,6,1808.13,10848.78
ORD-260422,2024-09-25,2024-09,3307,Japan,Office Supplies,Whiteboard,1,295.46,295.46
ORD-297471,2024-09-10,2024-09,2469,Sweden,Beauty,Brush Set,5,41.56,207.8
ORD-662625,2024-09-11,2024-09,1615,Netherlands,Home & Garden,Vase,4,38.64,154.56
ORD-542629,2024-09-27,2024-09,7006,UK,Electronics,Tablet,5,1140.21,5701.05
ORD-308635,2024-09-25,2024-09,7403,China,Sports,Running Shoes,3,175.02,525.06
ORD-117030,2024-09-26,2024-09,4293,India,Food,Honey,3,27.21,81.63
ORD-340880,2024-09-04,2024-09,3202,India,Sports,Bicycle Helmet,1,115.61,115.61
ORD-869721,2024-09-14,2024-09,1359,France,Books,Biography,2,239.54,479.08
ORD-248891,2024-09-27,2024-09,3012,Australia,Toys,Art Set,7,15.25,106.75
ORD-281991,2024-09-27,2024-09,8837,Spain,Office Supplies,Desk Organizer,1,164.44,164.44
ORD-342043,2024-09-03,2024-09,5554,USA,Sports,Water Bottle,3,471.37,1414.11
ORD-148933,2024-09-01,2024-09,5232,Germany,Beauty,Perfume,3,116.22,348.66
ORD-948821,2024-09-03,2024-09,3081,China,Automotive,Floor Mat,10,473.81,4738.1
ORD-406891,2024-09-06,2024-09,1268,Italy,Clothing,Scarf,3,479.23,1437.69
ORD-971707,2024-09-27,2024-09,1853,China,Sports,Yoga Mat,7,440.55,3083.85
ORD-773388,2024-09-25,2024-09,5242,Italy,Automotive,Oil Filter,8,479.64,3837.12
ORD-291760,2024-09-04,2024-09,9113,Japan,Sports,Tennis Racket,10,314.93,3149.3
ORD-562113,2024-09-21,2024-09,5320,Australia,Electronics,Keyboard,9,1106.17,9955.53
ORD-288616,2024-09-17,2024-09,3524,Australia,Beauty,Perfume,2,437.38,874.76
ORD-503992,2024-09-19,2024-09,3548,Spain,Sports,Yoga Mat,6,393.15,2358.9
ORD-359423,2024-09-09,2024-09,7458,Italy,Automotive,Floor Mat,3,458.28,1374.84
ORD-933019,2024-09-19,2024-09,8953,China,Books,Biography,2,387.02,774.04
ORD-656705,2024-09-03,2024-09,4052,Canada,Clothing,Jacket,2,489.87,979.74
ORD-536132,2024-09-23,2024-09,8502,Germany,Automotive,Car Charger,9,179.86,1618.74
ORD-405500,2024-09-02,2024-09,1819,Netherlands,Clothing,Scarf,8,432.85,3462.8
ORD-747234,2024-09-04,2024-09,1590,Australia,Books,Cookbook,10,298.0,2980.0
ORD-617987,2024-09-11,2024-09,5125,India,Sports,Running Shoes,2,370.26,740.52
ORD-361906,2024-09-16,2024-09,2671,UK,Food,Honey,5,94.81,474.05
ORD-256923,2024-09-06,2024-09,4609,UK,Automotive,Oil Filter,5,20.52,102.6
ORD-719816,2024-09-13,2024-09,3364,UK,Clothing,Shorts,5,342.77,1713.85
ORD-956114,2024-09-24,2024-09,7266,Italy,Books,Biography,9,10.74,96.66
ORD-419535,2024-09-10,2024-09,4203,France,Books,Comic,1,226.98,226.98
ORD-112314,2024-09-20,2024-09,9228,Brazil,Automotive,Oil Filter,6,294.25,1765.5
ORD-743668,2024-09-06,2024-09,5439,Spain,Beauty,Moisturizer,6,15.06,90.36
ORD-298670,2024-09-20,2024-09,7185,Canada,Automotive,Phone Mount,6,385.38,2312.28
ORD-547887,2024-09-23,2024-09,8343,India,Beauty,Sunscreen,7,452.85,3169.95
ORD-622199,2024-09-08,2024-09,4427,Japan,Food,Rice,8,30.46,243.68
ORD-538683,2024-09-12,2024-09,8768,UK,Sports,Running Shoes,1,287.95,287.95
ORD-240321,2024-09-03,2024-09,2319,Brazil,Toys,Card Game,10,79.46,794.6
ORD-438249,2024-09-19,2024-09,1455,UK,Sports,Running Shoes,2,150.06,300.12
ORD-521761,2024-09-19,2024-09,7725,UK,Books,Novel,10,165.7,1657.0
ORD-777120,2024-09-22,2024-09,4810,China,Toys,Action Figure,3,362.9,1088.7
ORD-552423,2024-09-25,2024-09,7694,Mexico,Food,Pasta,1,95.63,95.63
ORD-777702,2024-09-09,2024-09,7176,Mexico,Clothing,Hoodie,1,315.52,315.52
ORD-897214,2024-09-24,2024-09,6564,Germany,Clothing,Sneakers,9,62.41,561.69
ORD-838588,2024-09-18,2024-09,1662,India,Electronics,Camera,4,1710.75,6843.0
ORD-920102,2024-09-28,2024-09,3572,UK,Clothing,Jeans,3,84.4,253.2
ORD-845777,2024-09-22,2024-09,2249,Brazil,Sports,Tennis Racket,2,456.73,913.46
ORD-623767,2024-09-14,2024-09,7102,Netherlands,Automotive,Air Freshener,9,276.29,2486.61
ORD-442587,2024-09-25,2024-09,7577,Canada,Home & Garden,Plant Pot,9,295.6,2660.4
ORD-977838,2024-09-10,2024-09,5294,Japan,Automotive,Car Charger,3,494.52,1483.56
ORD-563726,2024-09-19,2024-09,1015,UK,Electronics,Keyboard,8,1859.73,14877.84
ORD-768787,2024-09-11,2024-09,9592,Netherlands,Beauty,Lipstick,7,265.18,1856.26
ORD-724734,2024-09-10,2024-09,7581,Italy,Home & Garden,Lamp,2,389.78,779.56
ORD-247754,2024-09-22,2024-09,8132,France,Food,Olive Oil,10,22.13,221.3
ORD-823703,2024-09-07,2024-09,8145,Canada,Food,Honey,5,22.39,111.95
ORD-934496,2024-09-20,2024-09,2047,UK,Electronics,Camera,4,543.22,2172.88
ORD-194421,2024-09-19,2024-09,2847,Brazil,Home & Garden,Clock,2,388.52,777.04
ORD-739013,2024-09-27,2024-09,8717,UK,Office Supplies,Envelope,10,382.57,3825.7
ORD-216280,2024-09-06,2024-09,5549,Mexico,Office Supplies,Notebook,4,261.71,1046.84
ORD-873325,2024-09-14,2024-09,1326,Sweden,Electronics,Headphones,1,873.38,873.38
ORD-665435,2024-09-12,2024-09,3754,USA,Electronics,Laptop,3,1875.68,5627.04
ORD-762499,2024-09-28,2024-09,6515,Germany,Books,Travel Guide,6,57.22,343.32
ORD-676542,2024-09-08,2024-09,1760,France,Sports,Running Shoes,4,444.29,1777.16
ORD-279218,2024-09-14,2024-09,1031,Sweden,Sports,Running Shoes,10,422.8,4228.0
ORD-962595,2024-09-18,2024-09,2023,Japan,Electronics,Mouse,3,1410.14,4230.42
ORD-316855,2024-09-08,2024-09,8493,Netherlands,Toys,Action Figure,9,96.88,871.92
ORD-324909,2024-09-26,2024-09,9218,Mexico,Office Supplies,Sticky Notes,4,442.55,1770.2
ORD-950736,2024-09-11,2024-09,8924,Brazil,Toys,Puzzle,9,321.15,2890.35
ORD-419504,2024-09-04,2024-09,7594,China,Food,Spices,9,28.54,256.86
ORD-310894,2024-09-05,2024-09,2780,Germany,Electronics,Smartphone,3,1344.46,4033.38
ORD-866603,2024-09-22,2024-09,4696,Canada,Office Supplies,Stapler,9,274.88,2473.92
ORD-654020,2024-09-24,2024-09,4666,China,Sports,Running Shoes,2,304.04,608.08
ORD-782248,2024-09-16,2024-09,8813,Japan,Sports,Yoga Mat,2,251.57,503.14
ORD-648034,2024-09-19,2024-09,1711,Netherlands,Toys,Card Game,9,91.85,826.65
ORD-736169,2024-09-03,2024-09,2645,Spain,Home & Garden,Vase,8,314.37,2514.96
ORD-722246,2024-09-17,2024-09,8284,China,Toys,Puzzle,6,350.45,2102.7
ORD-286851,2024-09-23,2024-09,7864,Brazil,Office Supplies,Paper Clips,8,156.47,1251.76
ORD-659799,2024-09-12,2024-09,1272,Japan,Food,Spices,7,71.11,497.77
ORD-569989,2024-09-27,2024-09,7299,India,Food,Rice,6,13.95,83.7
ORD-803764,2024-09-11,2024-09,4344,Australia,Home & Garden,Throw Blanket,5,119.52,597.6
ORD-737355,2024-09-10,2024-09,8129,Italy,Electronics,Mouse,10,1778.86,17788.6
ORD-532019,2024-09-16,2024-09,1368,Mexico,Beauty,Sunscreen,10,79.93,799.3
ORD-515610,2024-09-25,2024-09,7931,Canada,Office Supplies,Whiteboard,10,224.56,2245.6
ORD-819324,2024-09-26,2024-09,8936,Brazil,Electronics,Laptop,5,1210.81,6054.05
ORD-525331,2024-09-20,2024-09,9159,Mexico,Home & Garden,Cushion,5,426.8,2134.0
ORD-218011,2024-09-20,2024-09,5518,Spain,Clothing,Sneakers,5,402.97,2014.85
ORD-316277,2024-09-27,2024-09,7733,France,Beauty,Lipstick,6,234.58,1407.48
ORD-129312,2024-09-10,2024-09,7531,Japan,Office Supplies,Notebook,9,390.44,3513.96
ORD-945365,2024-09-26,2024-09,5345,USA,Home & Garden,Cushion,9,306.41,2757.69
ORD-271994,2024-09-04,2024-09,7463,UK,Electronics,Monitor,1,1679.6,1679.6
ORD-731063,2024-09-13,2024-09,7528,USA,Food,Chocolate,9,43.02,387.18
ORD-645347,2024-09-18,2024-09,2002,France,Electronics,Tablet,6,1675.45,10052.7
ORD-798063,2024-09-18,2024-09,2710,Brazil,Books,Novel,4,290.84,1163.36
ORD-348471,2024-09-22,2024-09,1674,France,Sports,Jump Rope,9,409.25,3683.25
ORD-115276,2024-09-12,2024-09,8761,Brazil,Home & Garden,Candle,4,213.84,855.36
ORD-148155,2024-09-01,2024-09,3447,Sweden,Beauty,Face Mask,4,33.15,132.6
ORD-473178,2024-09-19,2024-09,6651,Canada,Toys,Drone,10,445.42,4454.2
ORD-904524,2024-09-10,2024-09,4330,Japan,Electronics,Monitor,5,239.33,1196.65
ORD-898144,2024-09-15,2024-09,4138,Japan,Beauty,Sunscreen,9,289.05,2601.45
ORD-132747,2024-09-16,2024-09,8861,Brazil,Electronics,Smartphone,1,365.89,365.89
ORD-384566,2024-09-23,2024-09,2851,Australia,Books,Travel Guide,4,70.21,280.84
ORD-512504,2024-09-20,2024-09,5843,UK,Home & Garden,Picture Frame,1,301.7,301.7
ORD-958259,2024-09-18,2024-09,8929,Japan,Home & Garden,Cushion,7,452.17,3165.19
ORD-222504,2024-09-13,2024-09,7131,USA,Food,Pasta,3,18.47,55.41
ORD-905430,2024-09-16,2024-09,6301,Netherlands,Sports,Bicycle Helmet,7,77.09,539.63
ORD-325920,2024-09-20,2024-09,3920,Canada,Food,Honey,4,5.75,23.0
ORD-418320,2024-09-16,2024-09,5831,France,Beauty,Moisturizer,7,160.58,1124.06
ORD-442105,2024-09-20,2024-09,9866,Australia,Home & Garden,Cushion,7,119.19,834.33
ORD-970775,2024-09-08,2024-09,3797,Brazil,Clothing,Sneakers,8,163.14,1305.12
ORD-274298,2024-09-24,2024-09,2340,Australia,Food,Pasta,2,38.03,76.06
ORD-171292,2024-09-05,2024-09,1923,Japan,Electronics,Headphones,2,1333.9,2667.8
ORD-909921,2024-09-15,2024-09,8738,Mexico,Books,Cookbook,7,252.38,1766.66
ORD-681061,2024-09-12,2024-09,5435,India,Automotive,Seat Cover,6,282.29,1693.74
ORD-246740,2024-09-22,2024-09,6320,India,Food,Honey,6,34.0,204.0
ORD-744819,2024-09-17,2024-09,6122,Canada,Clothing,Shorts,6,170.57,1023.42
ORD-993050,2024-09-11,2024-09,2376,USA,Beauty,Shampoo,9,458.96,4130.64
ORD-422181,2024-09-03,2024-09,1772,India,Sports,Tennis Racket,8,136.58,1092.64
ORD-909896,2024-09-12,2024-09,5411,Spain,Beauty,Lipstick,6,322.93,1937.58
ORD-217582,2024-09-17,2024-09,3312,Netherlands,Home & Garden,Clock,5,368.58,1842.9
ORD-581781,2024-09-10,2024-09,8557,India,Clothing,Hoodie,10,354.14,3541.4
ORD-342606,2024-09-20,2024-09,4267,Netherlands,Home & Garden,Picture Frame,6,109.56,657.36
ORD-541749,2024-09-07,2024-09,9000,Germany,Automotive,Car Charger,4,71.16,284.64
ORD-291071,2024-09-27,2024-09,2362,Germany,Clothing,Sneakers,10,325.71,3257.1
ORD-171635,2024-09-18,2024-09,7997,Brazil,Electronics,Mouse,9,1784.77,16062.93
ORD-967392,2024-09-16,2024-09,6777,Brazil,Food,Chocolate,5,23.65,118.25
ORD-566794,2024-09-03,2024-09,8123,Mexico,Food,Rice,2,34.78,69.56
ORD-864347,2024-09-22,2024-09,6009,Netherlands,Toys,Card Game,6,114.23,685.38
ORD-473545,2024-09-17,2024-09,4709,Canada,Beauty,Moisturizer,2,286.62,573.24
ORD-191878,2024-09-09,2024-09,7960,France,Beauty,Lipstick,8,435.98,3487.84
ORD-717454,2024-09-06,2024-09,8851,Sweden,Beauty,Nail Polish,7,300.32,2102.24
ORD-733970,2024-09-27,2024-09,2069,Germany,Home & Garden,Vase,10,204.07,2040.7
ORD-703052,2024-09-11,2024-09,5209,France,Toys,Drone,10,35.8,358.0
ORD-602992,2024-09-18,2024-09,1475,USA,Electronics,Smartphone,6,1211.38,7268.28
ORD-271678,2024-09-08,2024-09,4733,Brazil,Office Supplies,Pen,6,418.0,2508.0
ORD-278468,2024-09-17,2024-09,2559,Mexico,Clothing,Shorts,5,152.35,761.75
ORD-749334,2024-09-17,2024-09,5830,Italy,Toys,Plush Toy,5,390.47,1952.35
ORD-963906,2024-09-06,2024-09,8500,China,Office Supplies,Desk Organizer,6,284.91,1709.46
ORD-877935,2024-09-17,2024-09,9032,Spain,Sports,Basketball,9,71.95,647.55
ORD-585239,2024-09-05,2024-09,2821,UK,Office Supplies,Pen,10,45.01,450.1
ORD-296640,2024-09-05,2024-09,9827,Netherlands,Office Supplies,Notebook,9,156.63,1409.67
ORD-413785,2024-09-11,2024-09,8403,USA,Clothing,Scarf,9,377.8,3400.2
ORD-546120,2024-09-09,2024-09,5303,Spain,Sports,Dumbbells,4,399.45,1597.8
ORD-769196,2024-09-04,2024-09,9132,Brazil,Food,Spices,4,12.89,51.56
ORD-913024,2024-09-14,2024-09,1486,Spain,Books,Dictionary,2,425.97,851.94
ORD-388465,2024-09-16,2024-09,2342,India,Office Supplies,Paper Clips,2,418.8,837.6
ORD-788590,2024-09-27,2024-09,6514,Sweden,Office Supplies,Pen,10,21.11,211.1
ORD-254986,2024-09-19,2024-09,3734,China,Clothing,Scarf,6,33.03,198.18
ORD-758510,2024-09-27,2024-09,7966,Germany,Toys,Action Figure,2,396.77,793.54
ORD-906147,2024-09-24,2024-09,6129,Spain,Automotive,Car Charger,1,237.69,237.69
ORD-227780,2024-09-13,2024-09,6216,Mexico,Books,Cookbook,2,19.79,39.58
ORD-231753,2024-09-08,2024-09,4950,USA,Office Supplies,Notebook,9,479.68,4317.12
ORD-355170,2024-09-28,2024-09,8771,Mexico,Home & Garden,Throw Blanket,2,164.42,328.84
ORD-936345,2024-09-17,2024-09,7989,Italy,Electronics,Laptop,9,689.78,6208.02
ORD-413877,2024-09-10,2024-09,2655,USA,Automotive,Dash Camera,3,170.59,511.77
ORD-620292,2024-09-03,2024-09,4476,Japan,Beauty,Lipstick,9,453.83,4084.47
ORD-634414,2024-09-15,2024-09,4369,UK,Toys,Drone,6,48.64,291.84
ORD-163285,2024-09-12,2024-09,7569,Germany,Office Supplies,Paper Clips,10,128.58,1285.8
ORD-194736,2024-09-25,2024-09,1116,Netherlands,Sports,Basketball,7,422.36,2956.52
ORD-504576,2024-09-08,2024-09,7008,Mexico,Home & Garden,Clock,6,52.11,312.66
ORD-206180,2024-09-06,2024-09,7153,India,Books,Journal,2,184.96,369.92
ORD-979041,2024-09-22,2024-09,7223,Japan,Home & Garden,Vase,3,310.59,931.77
ORD-671161,2024-09-06,2024-09,9324,China,Books,Journal,3,233.9,701.7
ORD-285691,2024-09-11,2024-09,7911,USA,Toys,Drone,5,457.92,2289.6
ORD-180261,2024-09-09,2024-09,9539,Spain,Clothing,Shorts,7,135.65,949.55
ORD-661421,2024-09-21,2024-09,1572,Australia,Clothing,Scarf,6,446.91,2681.46
ORD-298085,2024-09-12,2024-09,5908,USA,Toys,Plush Toy,1,482.03,482.03
ORD-610243,2024-09-07,2024-09,9959,China,Electronics,Tablet,3,66.13,198.39
ORD-376087,2024-09-28,2024-09,7876,UK,Books,Travel Guide,2,259.46,518.92
ORD-720733,2024-09-17,2024-09,5246,Canada,Home & Garden,Clock,4,379.94,1519.76
ORD-538712,2024-09-14,2024-09,6193,India,Books,Novel,1,291.82,291.82
ORD-757138,2024-09-25,2024-09,9114,Italy,Toys,Plush Toy,10,431.68,4316.8
ORD-743475,2024-09-17,2024-09,1058,UK,Office Supplies,Stapler,5,272.92,1364.6
ORD-217320,2024-09-11,2024-09,9341,Netherlands,Beauty,Sunscreen,6,379.66,2277.96
ORD-378797,2024-09-28,2024-09,4885,UK,Sports,Jump Rope,8,250.57,2004.56
ORD-927154,2024-09-18,2024-09,4220,Spain,Electronics,Keyboard,2,1921.72,3843.44
ORD-312960,2024-09-24,2024-09,2731,Spain,Toys,Plush Toy,1,385.18,385.18
ORD-564715,2024-09-16,2024-09,5998,Brazil,Books,Textbook,8,110.72,885.76
ORD-897946,2024-09-08,2024-09,6884,Italy,Automotive,Seat Cover,5,115.08,575.4
ORD-734433,2024-09-09,2024-09,8780,Netherlands,Beauty,Moisturizer,1,56.2,56.2
ORD-124318,2024-09-07,2024-09,1204,Australia,Office Supplies,Notebook,7,261.2,1828.4
ORD-141438,2024-09-05,2024-09,4052,Japan,Automotive,Air Freshener,3,180.85,542.55
ORD-740903,2024-09-28,2024-09,5292,Netherlands,Clothing,Jacket,2,124.0,248.0
ORD-169504,2024-09-05,2024-09,1570,China,Sports,Jump Rope,5,13.59,67.95
ORD-204548,2024-09-19,2024-09,1322,Italy,Electronics,Mouse,5,1685.79,8428.95
ORD-774492,2024-09-25,2024-09,4524,Australia,Food,Pasta,9,27.82,250.38
ORD-251202,2024-09-20,2024-09,2233,Italy,Electronics,Mouse,3,653.65,1960.95
ORD-597726,2024-09-19,2024-09,5539,USA,Automotive,Oil Filter,9,367.79,3310.11
ORD-286076,2024-09-19,2024-09,3474,Netherlands,Toys,Plush Toy,3,209.37,628.11
ORD-403680,2024-09-10,2024-09,7114,Netherlands,Clothing,Scarf,3,398.79,1196.37
ORD-968679,2024-09-14,2024-09,1229,UK,Home & Garden,Vase,9,58.84,529.56
ORD-820940,2024-09-13,2024-09,1845,France,Electronics,Headphones,2,1075.39,2150.78
ORD-570444,2024-09-01,2024-09,7250,China,Books,Novel,7,83.16,582.12
ORD-917294,2024-09-02,2024-09,3782,Spain,Electronics,Tablet,6,112.01,672.06
ORD-306143,2024-09-05,2024-09,4873,Italy,Toys,Drone,6,44.34,266.04
ORD-428192,2024-09-11,2024-09,7705,USA,Automotive,Car Charger,10,237.77,2377.7
ORD-112922,2024-09-08,2024-09,1491,China,Electronics,Smartphone,10,316.29,3162.9
ORD-786134,2024-09-15,2024-09,1425,India,Beauty,Lipstick,1,53.84,53.84
ORD-693883,2024-09-04,2024-09,8396,Canada,Food,Honey,7,24.4,170.8
ORD-249458,2024-09-03,2024-09,1675,Sweden,Automotive,Oil Filter,8,330.99,2647.92
ORD-879596,2024-09-27,2024-09,4041,Spain,Clothing,T-Shirt,5,134.4,672.0
ORD-596984,2024-09-19,2024-09,7676,Canada,Clothing,Scarf,2,91.92,183.84
ORD-965130,2024-09-08,2024-09,1103,France,Beauty,Sunscreen,3,209.46,628.38
ORD-292588,2024-09-26,2024-09,4695,Netherlands,Home & Garden,Picture Frame,3,466.03,1398.09
ORD-289880,2024-09-13,2024-09,6907,Mexico,Food,Green Tea,6,6.46,38.76
ORD-711677,2024-09-03,2024-09,4517,Spain,Office Supplies,Whiteboard,1,79.54,79.54
ORD-494083,2024-09-27,2024-09,5449,Spain,Home & Garden,Clock,3,242.49,727.47
ORD-198957,2024-09-21,2024-09,1370,Japan,Books,Cookbook,6,316.5,1899.0
ORD-958092,2024-09-03,2024-09,4680,Japan,Food,Chocolate,10,66.9,669.0
ORD-967341,2024-09-05,2024-09,5916,Mexico,Automotive,Car Charger,6,142.47,854.82
ORD-211464,2024-09-13,2024-09,6883,Canada,Office Supplies,Desk Organizer,2,28.16,56.32
ORD-894241,2024-09-26,2024-09,2809,UK,Sports,Dumbbells,7,220.63,1544.41
ORD-807227,2024-09-16,2024-09,5678,France,Office Supplies,Sticky Notes,9,282.44,2541.96
ORD-624497,2024-09-13,2024-09,7902,China,Food,Olive Oil,1,99.92,99.92
ORD-559613,2024-09-09,2024-09,9610,China,Home & Garden,Picture Frame,4,21.58,86.32
ORD-987484,2024-09-02,2024-09,2451,India,Office Supplies,Notebook,10,250.44,2504.4
ORD-872776,2024-09-02,2024-09,3140,France,Clothing,Shorts,10,34.67,346.7
ORD-923575,2024-09-24,2024-09,9668,India,Books,Travel Guide,4,316.41,1265.64
ORD-570860,2024-09-09,2024-09,6341,Brazil,Books,Comic,5,259.83,1299.15
ORD-530145,2024-09-08,2024-09,1640,Canada,Automotive,Air Freshener,9,291.3,2621.7
ORD-276341,2024-09-05,2024-09,6219,UK,Home & Garden,Lamp,1,360.06,360.06
ORD-115251,2024-09-24,2024-09,2080,Italy,Food,Olive Oil,3,51.71,155.13
ORD-163920,2024-09-07,2024-09,6886,Sweden,Sports,Yoga Mat,1,383.07,383.07
ORD-575463,2024-09-26,2024-09,1337,Germany,Electronics,Keyboard,7,618.8,4331.6
ORD-699509,2024-09-01,2024-09,4920,India,Office Supplies,Notebook,9,11.65,104.85
ORD-707801,2024-09-13,2024-09,2474,Canada,Clothing,Dress,1,401.18,401.18
ORD-311331,2024-09-08,2024-09,2512,Netherlands,Toys,Lego Set,8,78.04,624.32
ORD-109339,2024-09-23,2024-09,8483,Italy,Office Supplies,Envelope,7,312.71,2188.97
ORD-545914,2024-09-27,2024-09,9876,Brazil,Sports,Tennis Racket,9,475.97,4283.73
ORD-955570,2024-10-02,2024-10,5227,USA,Toys,Action Figure,10,21.3,213.0
ORD-858133,2024-10-14,2024-10,9438,Germany,Home & Garden,Vase,2,68.18,136.36
ORD-433804,2024-10-04,2024-10,5002,Sweden,Beauty,Shampoo,2,266.46,532.92
ORD-896109,2024-10-09,2024-10,2514,Italy,Office Supplies,Desk Organizer,3,171.57,514.71
ORD-171736,2024-10-21,2024-10,6063,Germany,Food,Organic Coffee,1,29.68,29.68
ORD-131427,2024-10-08,2024-10,6947,Spain,Books,Dictionary,7,146.09,1022.63
ORD-710276,2024-10-20,2024-10,8315,India,Sports,Bicycle Helmet,5,302.64,1513.2
ORD-161404,2024-10-05,2024-10,5478,China,Toys,Drone,2,360.9,721.8
ORD-196051,2024-10-05,2024-10,3260,Spain,Home & Garden,Plant Pot,9,356.11,3204.99
ORD-904318,2024-10-08,2024-10,9306,Mexico,Food,Honey,10,53.77,537.7
ORD-463489,2024-10-13,2024-10,5734,Sweden,Electronics,Tablet,9,324.44,2919.96
ORD-590281,2024-10-23,2024-10,9205,France,Clothing,Scarf,3,169.13,507.39
ORD-461172,2024-10-10,2024-10,4725,Japan,Sports,Water Bottle,4,88.29,353.16
ORD-909070,2024-10-03,2024-10,8445,France,Electronics,Laptop,2,360.97,721.94
ORD-172816,2024-10-18,2024-10,3285,Canada,Automotive,Phone Mount,7,66.94,468.58
ORD-219980,2024-10-01,2024-10,3894,India,Sports,Basketball,7,150.56,1053.92
ORD-547186,2024-10-06,2024-10,1519,India,Electronics,Mouse,5,477.17,2385.85
ORD-250286,2024-10-05,2024-10,7691,Canada,Electronics,Laptop,9,1145.04,10305.36
ORD-310243,2024-10-24,2024-10,8508,Canada,Clothing,T-Shirt,3,440.7,1322.1
ORD-786674,2024-10-12,2024-10,3083,Canada,Office Supplies,Sticky Notes,1,53.89,53.89
ORD-887931,2024-10-16,2024-10,5333,USA,Automotive,Phone Mount,7,370.36,2592.52
ORD-786913,2024-10-13,2024-10,6326,France,Books,Comic,5,365.45,1827.25
ORD-501415,2024-10-08,2024-10,3911,Japan,Food,Chocolate,5,85.95,429.75
ORD-854113,2024-10-08,2024-10,1412,Australia,Clothing,Jeans,8,13.35,106.8
ORD-685455,2024-10-05,2024-10,4358,Netherlands,Home & Garden,Clock,6,137.14,822.84
ORD-893627,2024-10-18,2024-10,7911,Japan,Clothing,Scarf,6,92.85,557.1
ORD-634131,2024-10-06,2024-10,2663,Mexico,Food,Chocolate,1,42.45,42.45
ORD-260057,2024-10-12,2024-10,7422,Sweden,Toys,Drone,7,466.62,3266.34
ORD-993702,2024-10-20,2024-10,3130,Sweden,Home & Garden,Candle,7,440.87,3086.09
ORD-970181,2024-10-20,2024-10,9942,Spain,Beauty,Sunscreen,8,153.79,1230.32
ORD-532832,2024-10-07,2024-10,2319,Mexico,Food,Organic Coffee,1,39.35,39.35
ORD-252645,2024-10-19,2024-10,2783,Brazil,Automotive,Floor Mat,5,246.85,1234.25
ORD-156253,2024-10-09,2024-10,3057,Netherlands,Books,Dictionary,5,407.73,2038.65
ORD-191100,2024-10-05,2024-10,6033,Brazil,Toys,Drone,3,474.26,1422.78
ORD-474254,2024-10-24,2024-10,6509,India,Toys,Plush Toy,3,378.09,1134.27
ORD-939940,2024-10-13,2024-10,5207,USA,Office Supplies,Stapler,5,333.36,1666.8
ORD-911713,2024-10-22,2024-10,5637,Canada,Clothing,Jeans,8,358.03,2864.24
ORD-998812,2024-10-05,2024-10,4204,Brazil,Automotive,Dash Camera,1,237.16,237.16
ORD-624752,2024-10-11,2024-10,8029,Germany,Books,Comic,5,341.81,1709.05
ORD-662917,2024-10-17,2024-10,9236,Brazil,Food,Green Tea,7,31.34,219.38
ORD-987873,2024-10-28,2024-10,1380,France,Toys,Drone,6,389.32,2335.92
ORD-426109,2024-10-03,2024-10,2611,UK,Clothing,T-Shirt,6,88.89,533.34
ORD-224218,2024-10-24,2024-10,4212,Spain,Home & Garden,Candle,1,101.38,101.38
ORD-104394,2024-10-24,2024-10,7577,India,Electronics,Camera,7,1904.57,13331.99
ORD-503754,2024-10-23,2024-10,4927,Canada,Beauty,Perfume,9,367.69,3309.21
ORD-210136,2024-10-02,2024-10,1866,UK,Electronics,Headphones,4,1999.03,7996.12
ORD-113847,2024-10-03,2024-10,8319,Canada,Automotive,Car Charger,1,405.72,405.72
ORD-883850,2024-10-04,2024-10,4438,Netherlands,Home & Garden,Clock,8,127.94,1023.52
ORD-918596,2024-10-21,2024-10,2620,Spain,Office Supplies,Envelope,1,281.84,281.84
ORD-887748,2024-10-12,2024-10,2719,Spain,Toys,Lego Set,10,345.03,3450.3
ORD-961379,2024-10-19,2024-10,1834,Canada,Automotive,Floor Mat,8,327.53,2620.24
ORD-316041,2024-10-01,2024-10,9583,Sweden,Sports,Basketball,2,318.06,636.12
ORD-123733,2024-10-17,2024-10,8168,Australia,Sports,Water Bottle,2,91.17,182.34
ORD-917249,2024-10-24,2024-10,8742,Brazil,Food,Chocolate,3,5.33,15.99
ORD-210922,2024-10-08,2024-10,8667,Italy,Office Supplies,Pen,7,239.29,1675.03
ORD-236082,2024-10-20,2024-10,7991,Spain,Electronics,Smartphone,3,966.46,2899.38
ORD-661485,2024-10-16,2024-10,4322,France,Office Supplies,Sticky Notes,2,250.3,500.6
ORD-686844,2024-10-08,2024-10,4243,Netherlands,Beauty,Face Mask,7,29.76,208.32
ORD-484131,2024-10-10,2024-10,2737,Spain,Electronics,Tablet,9,1116.71,10050.39
ORD-303585,2024-10-06,2024-10,6765,USA,Beauty,Moisturizer,5,329.15,1645.75
ORD-509681,2024-10-06,2024-10,3211,UK,Books,Travel Guide,2,485.44,970.88
ORD-517763,2024-10-12,2024-10,1623,Brazil,Toys,Drone,5,424.99,2124.95
ORD-169513,2024-10-15,2024-10,8735,Spain,Electronics,Keyboard,6,1380.37,8282.22
ORD-830838,2024-10-19,2024-10,8158,Germany,Office Supplies,Notebook,6,426.36,2558.16
ORD-412676,2024-10-24,2024-10,3327,USA,Clothing,Hoodie,7,66.57,465.99
ORD-307224,2024-10-16,2024-10,3378,USA,Toys,Puzzle,4,464.59,1858.36
ORD-836956,2024-10-26,2024-10,6963,Sweden,Electronics,Camera,4,355.25,1421.0
ORD-627841,2024-10-05,2024-10,2843,India,Office Supplies,Paper Clips,5,151.39,756.95
ORD-729865,2024-10-10,2024-10,2080,USA,Books,Novel,7,457.31,3201.17
ORD-486191,2024-10-08,2024-10,2222,Netherlands,Electronics,Monitor,2,141.36,282.72
ORD-506988,2024-10-12,2024-10,2167,Italy,Toys,Art Set,9,384.19,3457.71
ORD-446024,2024-10-22,2024-10,5764,Germany,Toys,Action Figure,10,435.19,4351.9
ORD-898023,2024-10-01,2024-10,4812,Canada,Home & Garden,Candle,2,169.67,339.34
ORD-630122,2024-10-25,2024-10,5524,France,Beauty,Nail Polish,8,496.88,3975.04
ORD-880622,2024-10-08,2024-10,7954,China,Clothing,Hoodie,6,280.39,1682.34
ORD-946389,2024-10-15,2024-10,2821,Sweden,Food,Green Tea,6,91.22,547.32
ORD-631302,2024-10-12,2024-10,2613,India,Food,Olive Oil,8,77.68,621.44
ORD-899462,2024-10-05,2024-10,2613,France,Sports,Basketball,1,194.43,194.43
ORD-924985,2024-10-13,2024-10,8567,Italy,Food,Olive Oil,5,6.79,33.95
ORD-591324,2024-10-09,2024-10,5795,Spain,Toys,Card Game,8,217.2,1737.6
ORD-313463,2024-10-15,2024-10,3315,Canada,Electronics,Monitor,8,248.4,1987.2
ORD-891358,2024-10-12,2024-10,2001,Canada,Automotive,Oil Filter,5,198.29,991.45
ORD-202448,2024-10-22,2024-10,8875,China,Automotive,Seat Cover,4,364.1,1456.4
ORD-563785,2024-10-17,2024-10,8973,Germany,Sports,Tennis Racket,3,17.81,53.43
ORD-804348,2024-10-28,2024-10,5857,Brazil,Clothing,Dress,8,168.92,1351.36
ORD-908009,2024-10-19,2024-10,3966,UK,Toys,Board Game,5,94.65,473.25
ORD-974413,2024-10-15,2024-10,7462,UK,Automotive,Wiper,9,101.11,909.99
ORD-566951,2024-10-14,2024-10,5919,Japan,Electronics,Mouse,1,538.81,538.81
ORD-454688,2024-10-03,2024-10,7180,China,Books,Cookbook,4,431.24,1724.96
ORD-733069,2024-10-14,2024-10,4411,China,Automotive,Wiper,6,348.9,2093.4
ORD-154649,2024-10-17,2024-10,3054,Italy,Books,Travel Guide,10,419.59,4195.9
ORD-812427,2024-10-17,2024-10,7659,Brazil,Electronics,Camera,10,1987.61,19876.1
ORD-372323,2024-10-11,2024-10,4829,Italy,Food,Organic Coffee,4,79.12,316.48
ORD-909503,2024-10-17,2024-10,1098,Mexico,Sports,Yoga Mat,10,472.36,4723.6
ORD-725141,2024-10-14,2024-10,3372,India,Beauty,Lipstick,6,373.68,2242.08
ORD-531482,2024-10-01,2024-10,8362,Spain,Toys,Plush Toy,6,163.99,983.94
ORD-845201,2024-10-20,2024-10,8376,Brazil,Electronics,Mouse,8,1769.58,14156.64
ORD-838683,2024-10-14,2024-10,6554,UK,Sports,Tennis Racket,10,426.76,4267.6
ORD-521990,2024-10-28,2024-10,1452,UK,Books,Comic,4,98.65,394.6
ORD-774721,2024-10-02,2024-10,3133,UK,Beauty,Lipstick,3,356.02,1068.06
ORD-970456,2024-10-25,2024-10,3412,Canada,Beauty,Shampoo,8,46.76,374.08
ORD-543478,2024-10-04,2024-10,7078,India,Beauty,Nail Polish,2,484.67,969.34
ORD-219558,2024-10-20,2024-10,3693,UK,Electronics,Camera,6,1771.93,10631.58
ORD-284257,2024-10-18,2024-10,5734,India,Home & Garden,Lamp,6,124.02,744.12
ORD-296272,2024-10-19,2024-10,2696,Germany,Toys,Board Game,3,429.67,1289.01
ORD-379069,2024-10-26,2024-10,1484,India,Food,Spices,2,57.21,114.42
ORD-672907,2024-10-27,2024-10,4020,China,Toys,Plush Toy,7,47.94,335.58
ORD-945386,2024-10-25,2024-10,1414,China,Clothing,Scarf,4,19.47,77.88
ORD-818537,2024-10-25,2024-10,2317,China,Toys,Action Figure,6,29.28,175.68
ORD-975698,2024-10-07,2024-10,1176,India,Electronics,Camera,7,456.92,3198.44
ORD-994237,2024-10-09,2024-10,8517,Sweden,Food,Pasta,4,40.79,163.16
ORD-353405,2024-10-09,2024-10,2853,India,Beauty,Perfume,7,393.43,2754.01
ORD-372744,2024-10-02,2024-10,1087,India,Automotive,Seat Cover,6,373.3,2239.8
ORD-440839,2024-10-24,2024-10,1997,India,Food,Rice,9,63.21,568.89
ORD-834752,2024-10-20,2024-10,2781,Italy,Office Supplies,Paper Clips,8,120.18,961.44
ORD-223598,2024-10-28,2024-10,3588,Brazil,Beauty,Perfume,10,52.63,526.3
ORD-956795,2024-10-02,2024-10,7350,Mexico,Books,Dictionary,10,156.25,1562.5
ORD-514326,2024-10-14,2024-10,8032,Netherlands,Electronics,Tablet,8,1451.13,11609.04
ORD-473185,2024-10-06,2024-10,6425,Netherlands,Food,Chocolate,5,57.53,287.65
ORD-491784,2024-10-20,2024-10,4365,France,Office Supplies,Envelope,10,376.97,3769.7
ORD-955705,2024-10-28,2024-10,1383,Brazil,Beauty,Moisturizer,5,277.6,1388.0
ORD-277886,2024-10-25,2024-10,1045,Australia,Toys,Art Set,1,212.26,212.26
ORD-983325,2024-10-23,2024-10,1730,Mexico,Automotive,Car Charger,10,461.96,4619.6
ORD-914355,2024-10-06,2024-10,3814,UK,Office Supplies,Pen,6,388.11,2328.66
ORD-713187,2024-10-09,2024-10,5903,France,Books,Novel,1,275.68,275.68
ORD-106879,2024-10-07,2024-10,4689,Australia,Food,Honey,3,28.49,85.47
ORD-783646,2024-10-02,2024-10,3748,Canada,Books,Dictionary,6,85.44,512.64
ORD-454046,2024-10-20,2024-10,6429,Canada,Sports,Yoga Mat,4,443.52,1774.08
ORD-952659,2024-10-28,2024-10,5647,Germany,Sports,Yoga Mat,9,208.36,1875.24
ORD-408850,2024-10-25,2024-10,5666,Spain,Books,Biography,3,130.35,391.05
ORD-127946,2024-10-14,2024-10,5035,India,Toys,Lego Set,9,74.81,673.29
ORD-889219,2024-10-05,2024-10,6682,Canada,Office Supplies,Paper Clips,5,417.51,2087.55
ORD-887854,2024-10-19,2024-10,5427,Sweden,Clothing,Jacket,6,38.19,229.14
ORD-520991,2024-10-04,2024-10,7435,USA,Sports,Running Shoes,8,79.9,639.2
ORD-267827,2024-10-10,2024-10,4245,China,Clothing,Scarf,5,298.12,1490.6
ORD-772050,2024-10-20,2024-10,2074,UK,Electronics,Keyboard,5,1561.0,7805.0
ORD-714420,2024-10-15,2024-10,2522,Sweden,Office Supplies,Paper Clips,2,177.53,355.06
ORD-605012,2024-10-03,2024-10,3169,China,Food,Spices,2,71.78,143.56
ORD-596450,2024-10-14,2024-10,7101,UK,Books,Travel Guide,5,428.94,2144.7
ORD-835281,2024-10-13,2024-10,6218,France,Food,Spices,3,14.77,44.31
ORD-127734,2024-10-15,2024-10,1416,Canada,Office Supplies,Sticky Notes,4,406.24,1624.96
ORD-430726,2024-10-24,2024-10,1073,Mexico,Office Supplies,Stapler,5,440.89,2204.45
ORD-471020,2024-10-06,2024-10,3251,Germany,Home & Garden,Plant Pot,2,355.52,711.04
ORD-854760,2024-10-11,2024-10,4772,USA,Sports,Basketball,4,56.1,224.4
ORD-642559,2024-10-08,2024-10,3286,France,Clothing,Jeans,1,336.43,336.43
ORD-233011,2024-10-05,2024-10,8235,Mexico,Beauty,Brush Set,10,137.85,1378.5
ORD-842597,2024-10-03,2024-10,7133,UK,Home & Garden,Throw Blanket,4,255.84,1023.36
ORD-417205,2024-10-06,2024-10,5167,India,Sports,Dumbbells,1,370.62,370.62
ORD-969809,2024-10-14,2024-10,9892,USA,Beauty,Brush Set,7,251.43,1760.01
ORD-550885,2024-10-06,2024-10,4248,Spain,Books,Biography,9,298.57,2687.13
ORD-456823,2024-10-20,2024-10,6804,Netherlands,Clothing,Hoodie,3,471.95,1415.85
ORD-449745,2024-10-09,2024-10,8655,Japan,Automotive,Floor Mat,9,38.09,342.81
ORD-833448,2024-10-24,2024-10,9248,Netherlands,Sports,Water Bottle,6,275.33,1651.98
ORD-379052,2024-10-26,2024-10,8163,Japan,Beauty,Perfume,9,94.23,848.07
ORD-419966,2024-10-19,2024-10,7519,Mexico,Beauty,Perfume,6,391.67,2350.02
ORD-682430,2024-10-26,2024-10,4550,Canada,Sports,Basketball,3,296.95,890.85
ORD-659188,2024-10-12,2024-10,3605,Netherlands,Food,Honey,2,5.82,11.64
ORD-568946,2024-10-25,2024-10,4004,UK,Sports,Bicycle Helmet,5,442.63,2213.15
ORD-777504,2024-10-19,2024-10,3819,Germany,Automotive,Wiper,3,382.63,1147.89
ORD-191424,2024-10-06,2024-10,1208,Spain,Clothing,Jacket,5,130.39,651.95
ORD-836274,2024-10-01,2024-10,5709,India,Office Supplies,Stapler,10,396.15,3961.5
ORD-529821,2024-10-23,2024-10,7840,Netherlands,Toys,Lego Set,3,227.26,681.78
ORD-708921,2024-10-27,2024-10,7529,Sweden,Electronics,Camera,1,1789.12,1789.12
ORD-778445,2024-10-03,2024-10,6919,UK,Toys,Action Figure,5,243.83,1219.15
ORD-702848,2024-10-03,2024-10,1644,India,Electronics,Headphones,2,147.31,294.62
ORD-241000,2024-10-07,2024-10,4598,Spain,Books,Dictionary,3,273.98,821.94
ORD-500893,2024-10-03,2024-10,3626,Canada,Home & Garden,Clock,4,475.32,1901.28
ORD-791091,2024-10-17,2024-10,1094,USA,Electronics,Keyboard,8,329.95,2639.6
ORD-971317,2024-10-13,2024-10,1610,France,Sports,Bicycle Helmet,7,64.34,450.38
ORD-843137,2024-10-05,2024-10,1899,Netherlands,Beauty,Nail Polish,4,201.55,806.2
ORD-281890,2024-10-19,2024-10,9613,USA,Sports,Yoga Mat,8,169.53,1356.24
ORD-999038,2024-10-15,2024-10,4274,Canada,Home & Garden,Lamp,3,414.82,1244.46
ORD-113034,2024-10-07,2024-10,4652,Netherlands,Clothing,Sneakers,2,395.39,790.78
ORD-850168,2024-10-10,2024-10,5243,Japan,Home & Garden,Candle,4,77.24,308.96
ORD-582100,2024-10-27,2024-10,2624,France,Toys,Card Game,4,150.98,603.92
ORD-540636,2024-10-13,2024-10,3927,Mexico,Beauty,Brush Set,8,266.45,2131.6
ORD-753971,2024-10-09,2024-10,1518,Spain,Toys,Action Figure,3,306.16,918.48
ORD-204948,2024-10-03,2024-10,1737,Spain,Home & Garden,Lamp,6,241.96,1451.76
ORD-749826,2024-10-03,2024-10,9382,USA,Automotive,Oil Filter,8,419.59,3356.72
ORD-400973,2024-10-06,2024-10,4093,Italy,Food,Pasta,3,8.91,26.73
ORD-276389,2024-10-25,2024-10,4591,France,Beauty,Sunscreen,8,140.99,1127.92
ORD-625318,2024-10-25,2024-10,4588,Japan,Home & Garden,Cushion,4,174.27,697.08
ORD-273547,2024-10-19,2024-10,7368,China,Office Supplies,Whiteboard,1,382.82,382.82
ORD-538327,2024-10-08,2024-10,6880,Italy,Home & Garden,Cushion,3,195.47,586.41
ORD-166290,2024-10-07,2024-10,1679,UK,Home & Garden,Clock,5,262.7,1313.5
ORD-605108,2024-10-17,2024-10,1198,Germany,Electronics,Monitor,6,1755.07,10530.42
ORD-918130,2024-10-24,2024-10,5389,Japan,Food,Green Tea,6,31.46,188.76
ORD-152335,2024-10-18,2024-10,1262,China,Electronics,Headphones,7,201.42,1409.94
ORD-629728,2024-10-04,2024-10,5992,Italy,Beauty,Nail Polish,8,153.86,1230.88
ORD-186354,2024-10-15,2024-10,9561,Germany,Home & Garden,Picture Frame,7,35.1,245.7
ORD-990324,2024-10-14,2024-10,9883,Sweden,Beauty,Face Mask,7,135.64,949.48
ORD-485606,2024-10-08,2024-10,8657,Spain,Food,Spices,2,43.39,86.78
ORD-135188,2024-10-17,2024-10,5864,Netherlands,Clothing,Hoodie,10,375.81,3758.1
ORD-111631,2024-10-23,2024-10,1979,China,Food,Chocolate,2,20.86,41.72
ORD-503763,2024-10-23,2024-10,9470,USA,Home & Garden,Cushion,9,232.67,2094.03
ORD-134882,2024-10-14,2024-10,1334,Australia,Home & Garden,Vase,7,378.92,2652.44
ORD-720903,2024-10-08,2024-10,6528,Italy,Electronics,Headphones,7,916.2,6413.4
ORD-798217,2024-10-13,2024-10,9342,USA,Books,Biography,8,246.69,1973.52
ORD-674612,2024-10-23,2024-10,4456,China,Electronics,Keyboard,2,1593.34,3186.68
ORD-702549,2024-10-14,2024-10,3222,Japan,Food,Honey,8,89.35,714.8
ORD-551839,2024-10-17,2024-10,5607,Spain,Clothing,T-Shirt,9,231.54,2083.86
ORD-506019,2024-10-20,2024-10,6391,Mexico,Books,Dictionary,1,406.09,406.09
ORD-830202,2024-10-10,2024-10,8712,Germany,Books,Travel Guide,3,343.07,1029.21
ORD-937623,2024-10-01,2024-10,9438,Japan,Office Supplies,Envelope,6,373.53,2241.18
ORD-828203,2024-10-05,2024-10,6286,India,Electronics,Camera,2,321.05,642.1
ORD-671542,2024-10-28,2024-10,8461,Mexico,Electronics,Camera,2,1144.02,2288.04
ORD-899577,2024-10-13,2024-10,7577,Japan,Beauty,Moisturizer,1,110.91,110.91
ORD-597619,2024-10-22,2024-10,2142,India,Toys,Lego Set,1,449.19,449.19
ORD-183982,2024-10-27,2024-10,4140,Spain,Office Supplies,Stapler,10,259.4,2594.0
ORD-906841,2024-10-18,2024-10,9790,Canada,Food,Chocolate,6,19.62,117.72
ORD-659827,2024-10-15,2024-10,4343,Canada,Books,Journal,1,371.39,371.39
ORD-131674,2024-10-13,2024-10,7928,UK,Home & Garden,Picture Frame,3,297.78,893.34
ORD-442711,2024-10-03,2024-10,4379,Sweden,Office Supplies,Paper Clips,4,340.54,1362.16
ORD-740151,2024-10-10,2024-10,5955,Canada,Office Supplies,Pen,10,185.81,1858.1
ORD-456493,2024-10-20,2024-10,7857,Japan,Beauty,Moisturizer,10,98.02,980.2
ORD-656271,2024-10-12,2024-10,9824,USA,Beauty,Lipstick,10,136.65,1366.5
ORD-790685,2024-10-17,2024-10,3660,Brazil,Home & Garden,Vase,5,373.82,1869.1
ORD-588540,2024-10-28,2024-10,5019,Spain,Electronics,Tablet,2,1402.79,2805.58
ORD-505132,2024-10-17,2024-10,9827,China,Clothing,Shorts,1,431.42,431.42
ORD-708067,2024-10-04,2024-10,7175,Mexico,Home & Garden,Vase,9,178.43,1605.87
ORD-857819,2024-10-28,2024-10,1848,Mexico,Clothing,Shorts,10,133.77,1337.7
ORD-912343,2024-10-01,2024-10,3325,Australia,Automotive,Dash Camera,8,107.86,862.88
ORD-761453,2024-10-20,2024-10,1759,USA,Clothing,Scarf,7,488.89,3422.23
ORD-759663,2024-10-02,2024-10,5888,Sweden,Electronics,Mouse,9,446.99,4022.91
ORD-273648,2024-10-06,2024-10,9837,China,Electronics,Smartphone,9,834.12,7507.08
ORD-983370,2024-10-28,2024-10,7793,Mexico,Automotive,Air Freshener,5,387.49,1937.45
ORD-641421,2024-10-28,2024-10,9627,Mexico,Sports,Yoga Mat,3,19.43,58.29
ORD-762014,2024-10-06,2024-10,9317,India,Office Supplies,Desk Organizer,8,324.38,2595.04
ORD-818718,2024-10-18,2024-10,5515,Japan,Clothing,Jeans,10,11.07,110.7
ORD-525873,2024-10-04,2024-10,2840,Netherlands,Office Supplies,Sticky Notes,8,94.03,752.24
ORD-351771,2024-10-02,2024-10,7421,Brazil,Food,Organic Coffee,1,55.39,55.39
ORD-304072,2024-10-25,2024-10,2966,Mexico,Beauty,Moisturizer,7,404.19,2829.33
ORD-760827,2024-10-11,2024-10,5334,Germany,Home & Garden,Picture Frame,7,403.5,2824.5
ORD-106154,2024-10-22,2024-10,4012,Brazil,Home & Garden,Cushion,8,412.45,3299.6
ORD-412744,2024-10-24,2024-10,2330,Italy,Food,Organic Coffee,3,33.05,99.15
ORD-263798,2024-10-20,2024-10,3659,Japan,Sports,Water Bottle,2,19.1,38.2
ORD-697558,2024-10-01,2024-10,4650,Germany,Beauty,Face Mask,5,99.49,497.45
ORD-100806,2024-10-20,2024-10,8394,Germany,Toys,Board Game,8,194.59,1556.72
ORD-144070,2024-10-11,2024-10,3160,Japan,Home & Garden,Vase,5,75.15,375.75
ORD-890520,2024-10-25,2024-10,6766,Italy,Sports,Water Bottle,9,218.21,1963.89
ORD-812685,2024-10-12,2024-10,2296,Spain,Automotive,Oil Filter,5,391.65,1958.25
ORD-673344,2024-10-23,2024-10,1266,Netherlands,Books,Travel Guide,9,143.27,1289.43
ORD-360853,2024-10-23,2024-10,3406,Netherlands,Clothing,Hoodie,8,289.28,2314.24
ORD-233350,2024-10-13,2024-10,9483,Italy,Sports,Tennis Racket,4,211.45,845.8
ORD-913131,2024-10-13,2024-10,4781,Japan,Toys,Board Game,10,405.33,4053.3
ORD-425490,2024-10-03,2024-10,9666,India,Toys,Plush Toy,10,73.38,733.8
ORD-734212,2024-10-02,2024-10,8939,Italy,Food,Honey,3,95.38,286.14
ORD-111617,2024-10-14,2024-10,9592,UK,Toys,Lego Set,3,286.2,858.6
ORD-711746,2024-10-15,2024-10,7288,Canada,Toys,Drone,10,474.83,4748.3
ORD-730003,2024-10-12,2024-10,7687,Sweden,Food,Olive Oil,10,40.81,408.1
ORD-519238,2024-10-11,2024-10,3528,Germany,Office Supplies,Paper Clips,8,378.23,3025.84
ORD-112957,2024-10-20,2024-10,9433,China,Beauty,Brush Set,7,101.77,712.39
ORD-946703,2024-10-17,2024-10,5933,France,Clothing,Sneakers,9,94.61,851.49
ORD-882275,2024-10-11,2024-10,5120,Canada,Office Supplies,Paper Clips,9,108.07,972.63
ORD-104633,2024-10-05,2024-10,4106,UK,Office Supplies,Notebook,1,207.2,207.2
ORD-518272,2024-10-21,2024-10,2089,USA,Home & Garden,Picture Frame,8,489.66,3917.28
ORD-994337,2024-10-10,2024-10,3405,Spain,Office Supplies,Notebook,4,373.18,1492.72
ORD-641679,2024-10-10,2024-10,1553,Germany,Home & Garden,Candle,4,67.92,271.68
ORD-238826,2024-10-21,2024-10,9121,Sweden,Sports,Running Shoes,8,423.37,3386.96
ORD-411555,2024-10-11,2024-10,1543,Mexico,Office Supplies,Sticky Notes,7,418.08,2926.56
ORD-158312,2024-10-01,2024-10,3617,Sweden,Food,Pasta,3,36.3,108.9
ORD-608013,2024-10-27,2024-10,9496,Australia,Food,Olive Oil,10,27.05,270.5
ORD-520142,2024-10-09,2024-10,7989,India,Toys,Puzzle,10,283.76,2837.6
ORD-238106,2024-10-28,2024-10,3049,Mexico,Office Supplies,Pen,9,191.31,1721.79
ORD-570359,2024-10-12,2024-10,1070,Mexico,Clothing,Scarf,1,130.54,130.54
ORD-603622,2024-10-17,2024-10,7692,Sweden,Toys,Puzzle,6,221.0,1326.0
ORD-614591,2024-10-08,2024-10,3505,France,Home & Garden,Plant Pot,5,399.75,1998.75
ORD-605583,2024-10-08,2024-10,5220,Australia,Clothing,Jacket,4,482.54,1930.16
ORD-305992,2024-10-02,2024-10,6173,USA,Toys,Puzzle,8,253.14,2025.12
ORD-894369,2024-10-02,2024-10,3778,Australia,Clothing,Scarf,2,120.62,241.24
ORD-726650,2024-10-11,2024-10,3938,Italy,Electronics,Tablet,10,1674.99,16749.9
ORD-142273,2024-10-16,2024-10,2162,Brazil,Office Supplies,Paper Clips,8,104.75,838.0
ORD-388423,2024-10-10,2024-10,4110,Spain,Home & Garden,Throw Blanket,5,427.37,2136.85
ORD-565495,2024-10-09,2024-10,8349,Spain,Home & Garden,Plant Pot,1,251.76,251.76
ORD-105387,2024-10-08,2024-10,9757,Spain,Toys,Lego Set,2,164.45,328.9
ORD-924629,2024-10-25,2024-10,8707,Canada,Toys,Card Game,2,380.96,761.92
ORD-664357,2024-10-16,2024-10,8720,Canada,Electronics,Monitor,3,1405.4,4216.2
ORD-138838,2024-10-13,2024-10,6687,Australia,Clothing,Dress,5,104.37,521.85
ORD-878030,2024-10-01,2024-10,2202,Brazil,Automotive,Phone Mount,9,178.71,1608.39
ORD-853206,2024-10-27,2024-10,2295,Sweden,Clothing,Hoodie,5,231.43,1157.15
ORD-149168,2024-10-22,2024-10,7429,India,Sports,Water Bottle,7,67.32,471.24
ORD-969138,2024-10-10,2024-10,9059,USA,Beauty,Moisturizer,4,15.54,62.16
ORD-119267,2024-10-10,2024-10,1206,Sweden,Home & Garden,Cushion,5,67.44,337.2
ORD-814051,2024-10-03,2024-10,5073,UK,Office Supplies,Stapler,1,404.09,404.09
ORD-350135,2024-10-25,2024-10,4424,Japan,Office Supplies,Sticky Notes,1,88.56,88.56
ORD-792135,2024-10-09,2024-10,9417,Mexico,Sports,Bicycle Helmet,1,317.89,317.89
ORD-831711,2024-10-13,2024-10,8287,UK,Automotive,Car Charger,10,167.63,1676.3
ORD-316684,2024-10-23,2024-10,6536,France,Clothing,Shorts,10,224.29,2242.9
ORD-299096,2024-10-14,2024-10,4337,Italy,Books,Dictionary,1,74.75,74.75
ORD-156016,2024-10-01,2024-10,8674,Netherlands,Home & Garden,Picture Frame,9,256.54,2308.86
ORD-606428,2024-10-24,2024-10,8077,Brazil,Beauty,Moisturizer,9,482.83,4345.47
ORD-833260,2024-10-22,2024-10,1697,USA,Office Supplies,Stapler,10,360.66,3606.6
ORD-813817,2024-10-08,2024-10,2518,Netherlands,Automotive,Floor Mat,4,48.64,194.56
ORD-680433,2024-10-04,2024-10,3379,Canada,Toys,Drone,5,174.29,871.45
ORD-295528,2024-10-06,2024-10,6546,Australia,Automotive,Car Charger,4,402.17,1608.68
ORD-253868,2024-10-10,2024-10,2954,USA,Clothing,Shorts,3,497.16,1491.48
ORD-600597,2024-10-16,2024-10,1296,India,Sports,Water Bottle,8,342.28,2738.24
ORD-657656,2024-10-16,2024-10,5466,France,Sports,Tennis Racket,1,365.94,365.94
ORD-882130,2024-10-25,2024-10,3254,China,Books,Textbook,7,41.13,287.91
ORD-931177,2024-10-08,2024-10,2203,Italy,Office Supplies,Desk Organizer,7,292.52,2047.64
ORD-442587,2024-10-28,2024-10,8961,UK,Toys,Drone,4,209.65,838.6
ORD-177251,2024-10-01,2024-10,7159,Germany,Electronics,Monitor,7,318.84,2231.88
ORD-570207,2024-10-12,2024-10,9759,UK,Home & Garden,Plant Pot,9,248.22,2233.98
ORD-512479,2024-10-13,2024-10,1097,Brazil,Books,Travel Guide,1,33.73,33.73
ORD-488984,2024-10-08,2024-10,4874,Japan,Electronics,Keyboard,1,896.25,896.25
ORD-754148,2024-10-21,2024-10,1721,Mexico,Food,Green Tea,1,45.75,45.75
ORD-721139,2024-10-28,2024-10,9929,USA,Office Supplies,Notebook,1,116.01,116.01
ORD-250116,2024-10-24,2024-10,2937,Spain,Food,Organic Coffee,1,27.54,27.54
ORD-904669,2024-10-09,2024-10,6977,India,Food,Organic Coffee,4,37.2,148.8
ORD-702383,2024-10-20,2024-10,8537,Italy,Sports,Jump Rope,2,189.67,379.34
ORD-145086,2024-10-20,2024-10,4058,USA,Toys,Board Game,7,361.14,2527.98
ORD-793723,2024-10-27,2024-10,3179,Sweden,Beauty,Face Mask,5,474.29,2371.45
ORD-434519,2024-10-19,2024-10,6270,Mexico,Home & Garden,Picture Frame,1,476.39,476.39
ORD-638752,2024-10-10,2024-10,5683,Italy,Automotive,Floor Mat,4,463.61,1854.44
ORD-724157,2024-10-18,2024-10,2483,Mexico,Clothing,T-Shirt,9,69.18,622.62
ORD-899108,2024-10-07,2024-10,7378,Brazil,Sports,Basketball,5,148.86,744.3
ORD-256665,2024-10-28,2024-10,6409,UK,Toys,Drone,6,92.26,553.56
ORD-112658,2024-10-11,2024-10,3020,USA,Beauty,Brush Set,7,352.71,2468.97
ORD-668077,2024-10-14,2024-10,4845,Spain,Toys,Puzzle,5,421.77,2108.85
ORD-894578,2024-10-10,2024-10,7931,USA,Electronics,Mouse,3,925.37,2776.11
ORD-483749,2024-10-07,2024-10,7907,UK,Toys,Board Game,2,183.13,366.26
ORD-171147,2024-10-12,2024-10,9257,Canada,Sports,Yoga Mat,1,477.9,477.9
ORD-543806,2024-10-16,2024-10,8228,Japan,Books,Textbook,6,406.39,2438.34
ORD-368079,2024-10-02,2024-10,1884,India,Sports,Jump Rope,3,192.98,578.94
ORD-694718,2024-10-19,2024-10,5951,Germany,Clothing,Sneakers,8,169.93,1359.44
ORD-201789,2024-10-24,2024-10,5347,France,Electronics,Keyboard,4,1503.41,6013.64
ORD-871059,2024-10-24,2024-10,6240,Australia,Beauty,Moisturizer,10,235.52,2355.2
ORD-708946,2024-10-24,2024-10,2309,Japan,Automotive,Wiper,7,469.0,3283.0
ORD-437923,2024-10-04,2024-10,4519,Japan,Toys,Card Game,4,281.33,1125.32
ORD-820020,2024-10-18,2024-10,9108,Japan,Home & Garden,Clock,6,477.87,2867.22
ORD-940212,2024-10-24,2024-10,8679,Germany,Electronics,Tablet,8,1403.43,11227.44
ORD-691042,2024-10-28,2024-10,2453,Germany,Automotive,Floor Mat,2,12.93,25.86
ORD-327555,2024-10-12,2024-10,4041,India,Food,Organic Coffee,4,46.09,184.36
ORD-692993,2024-10-26,2024-10,4107,Germany,Food,Chocolate,4,69.85,279.4
ORD-437809,2024-10-06,2024-10,7633,USA,Home & Garden,Picture Frame,3,435.6,1306.8
ORD-494329,2024-10-26,2024-10,4933,Sweden,Food,Spices,8,90.1,720.8
ORD-843554,2024-10-16,2024-10,4061,China,Home & Garden,Throw Blanket,10,460.04,4600.4
ORD-819334,2024-10-05,2024-10,3612,Mexico,Books,Dictionary,4,32.9,131.6
ORD-543841,2024-10-23,2024-10,3987,France,Electronics,Smartphone,2,1983.57,3967.14
ORD-411345,2024-10-09,2024-10,4094,Brazil,Books,Cookbook,4,153.73,614.92
ORD-447497,2024-10-20,2024-10,9104,Sweden,Clothing,Jacket,8,14.46,115.68
ORD-160375,2024-11-11,2024-11,2377,Italy,Sports,Tennis Racket,7,72.15,505.05
ORD-311539,2024-11-23,2024-11,8250,India,Sports,Bicycle Helmet,2,308.58,617.16
ORD-357797,2024-11-23,2024-11,4623,USA,Clothing,T-Shirt,5,417.85,2089.25
ORD-234512,2024-11-25,2024-11,4497,Spain,Food,Honey,3,46.09,138.27
ORD-534286,2024-11-07,2024-11,9073,China,Beauty,Brush Set,2,109.84,219.68
ORD-941644,2024-11-10,2024-11,9294,Japan,Electronics,Keyboard,1,1473.72,1473.72
ORD-936313,2024-11-12,2024-11,8257,Brazil,Electronics,Headphones,7,152.1,1064.7
ORD-241843,2024-11-20,2024-11,1566,UK,Sports,Basketball,5,256.68,1283.4
ORD-863284,2024-11-16,2024-11,5713,Mexico,Clothing,T-Shirt,5,397.63,1988.15
ORD-596231,2024-11-01,2024-11,1878,France,Food,Chocolate,7,69.16,484.12
ORD-696822,2024-11-15,2024-11,7010,Japan,Automotive,Air Freshener,6,215.92,1295.52
ORD-300183,2024-11-27,2024-11,1039,USA,Toys,Lego Set,7,29.6,207.2
ORD-864336,2024-11-26,2024-11,9328,Sweden,Sports,Bicycle Helmet,7,138.56,969.92
ORD-319011,2024-11-11,2024-11,2162,France,Home & Garden,Clock,10,301.56,3015.6
ORD-884923,2024-11-23,2024-11,2711,India,Automotive,Seat Cover,8,387.34,3098.72
ORD-548003,2024-11-20,2024-11,9874,France,Home & Garden,Candle,9,457.81,4120.29
ORD-726225,2024-11-11,2024-11,1563,Netherlands,Office Supplies,Desk Organizer,5,16.96,84.8
ORD-233755,2024-11-28,2024-11,4400,Spain,Food,Spices,4,46.47,185.88
ORD-264572,2024-11-13,2024-11,3159,Sweden,Books,Comic,2,59.7,119.4
ORD-745836,2024-11-28,2024-11,9979,Mexico,Office Supplies,Notebook,6,456.01,2736.06
ORD-291315,2024-11-09,2024-11,5723,Germany,Automotive,Phone Mount,2,17.98,35.96
ORD-837357,2024-11-07,2024-11,8379,UK,Toys,Lego Set,9,410.14,3691.26
ORD-457572,2024-11-27,2024-11,5983,UK,Beauty,Sunscreen,3,445.86,1337.58
ORD-651923,2024-11-28,2024-11,7515,Canada,Beauty,Brush Set,9,261.56,2354.04
ORD-160616,2024-11-17,2024-11,3315,China,Food,Olive Oil,8,66.08,528.64
ORD-831411,2024-11-13,2024-11,6403,Canada,Automotive,Floor Mat,7,265.86,1861.02
ORD-590249,2024-11-21,2024-11,2262,India,Books,Comic,5,191.34,956.7
ORD-549190,2024-11-25,2024-11,9789,USA,Home & Garden,Lamp,9,342.93,3086.37
ORD-811218,2024-11-25,2024-11,8271,India,Office Supplies,Whiteboard,4,400.42,1601.68
ORD-261654,2024-11-20,2024-11,9873,Netherlands,Books,Novel,8,430.46,3443.68
ORD-247543,2024-11-27,2024-11,4298,USA,Toys,Puzzle,10,276.07,2760.7
ORD-438324,2024-11-05,2024-11,7835,Japan,Clothing,Shorts,7,13.63,95.41
ORD-446600,2024-11-17,2024-11,6838,Mexico,Sports,Jump Rope,5,209.11,1045.55
ORD-617506,2024-11-11,2024-11,9179,Australia,Automotive,Wiper,6,378.29,2269.74
ORD-107181,2024-11-16,2024-11,6768,France,Clothing,Jacket,1,221.17,221.17
ORD-947623,2024-11-17,2024-11,1856,Australia,Toys,Art Set,7,395.58,2769.06
ORD-501200,2024-11-02,2024-11,9699,Mexico,Food,Pasta,7,38.95,272.65
ORD-417232,2024-11-05,2024-11,6781,Canada,Home & Garden,Cushion,5,95.81,479.05
ORD-311383,2024-11-10,2024-11,5260,Sweden,Clothing,Scarf,4,12.42,49.68
ORD-960442,2024-11-17,2024-11,9671,USA,Toys,Drone,6,390.01,2340.06
ORD-303408,2024-11-01,2024-11,8699,China,Electronics,Smartphone,7,1918.75,13431.25
ORD-637599,2024-11-09,2024-11,1746,Spain,Office Supplies,Whiteboard,4,85.4,341.6
ORD-666815,2024-11-26,2024-11,7737,USA,Electronics,Tablet,1,1402.69,1402.69
ORD-322917,2024-11-25,2024-11,9760,India,Books,Novel,2,437.6,875.2
ORD-963683,2024-11-25,2024-11,5409,India,Office Supplies,Pen,2,222.3,444.6
ORD-610634,2024-11-28,2024-11,8792,Netherlands,Office Supplies,Envelope,10,460.46,4604.6
ORD-480191,2024-11-18,2024-11,3210,UK,Home & Garden,Cushion,4,141.68,566.72
ORD-586579,2024-11-01,2024-11,7377,Brazil,Office Supplies,Whiteboard,1,156.42,156.42
ORD-114848,2024-11-23,2024-11,4352,Spain,Sports,Bicycle Helmet,9,251.15,2260.35
ORD-712869,2024-11-09,2024-11,6273,India,Beauty,Lipstick,6,341.65,2049.9
ORD-363166,2024-11-14,2024-11,9986,Mexico,Electronics,Tablet,10,52.13,521.3
ORD-656213,2024-11-08,2024-11,5428,Spain,Food,Organic Coffee,6,97.1,582.6
ORD-300498,2024-11-27,2024-11,3292,India,Sports,Tennis Racket,8,436.79,3494.32
ORD-797290,2024-11-04,2024-11,6114,Germany,Food,Organic Coffee,8,58.53,468.24
ORD-483044,2024-11-14,2024-11,8533,Brazil,Beauty,Sunscreen,10,235.54,2355.4
ORD-856688,2024-11-14,2024-11,2862,Brazil,Home & Garden,Candle,9,371.53,3343.77
ORD-979859,2024-11-17,2024-11,3604,Brazil,Books,Novel,3,379.76,1139.28
ORD-211171,2024-11-17,2024-11,6242,Italy,Automotive,Wiper,5,404.93,2024.65
ORD-132640,2024-11-25,2024-11,7885,Mexico,Food,Olive Oil,7,25.88,181.16
ORD-581554,2024-11-20,2024-11,6907,Italy,Automotive,Wiper,3,380.8,1142.4
ORD-301819,2024-11-17,2024-11,7881,Sweden,Beauty,Sunscreen,8,112.8,902.4
ORD-489577,2024-11-27,2024-11,1040,UK,Toys,Drone,2,299.27,598.54
ORD-916777,2024-11-18,2024-11,2511,China,Automotive,Dash Camera,5,255.32,1276.6
ORD-753113,2024-11-11,2024-11,3403,Netherlands,Toys,Card Game,7,285.93,2001.51
ORD-240003,2024-11-14,2024-11,9990,Sweden,Office Supplies,Pen,4,464.65,1858.6
ORD-627000,2024-11-16,2024-11,8539,Mexico,Food,Olive Oil,10,16.31,163.1
ORD-159364,2024-11-16,2024-11,1441,Germany,Food,Honey,10,69.53,695.3
ORD-758177,2024-11-09,2024-11,1588,Netherlands,Toys,Card Game,9,437.73,3939.57
ORD-438648,2024-11-15,2024-11,8340,Spain,Electronics,Camera,10,1969.64,19696.4
ORD-722170,2024-11-16,2024-11,5251,Japan,Clothing,Scarf,4,163.84,655.36
ORD-639165,2024-11-15,2024-11,9598,Netherlands,Clothing,T-Shirt,8,376.98,3015.84
ORD-709255,2024-11-16,2024-11,2086,Australia,Sports,Dumbbells,9,305.24,2747.16
ORD-630084,2024-11-13,2024-11,5956,UK,Sports,Bicycle Helmet,4,415.12,1660.48
ORD-117714,2024-11-07,2024-11,5318,Japan,Automotive,Oil Filter,3,267.31,801.93
ORD-289170,2024-11-08,2024-11,8847,UK,Toys,Puzzle,2,300.9,601.8
ORD-673761,2024-11-28,2024-11,2876,Mexico,Office Supplies,Pen,2,173.53,347.06
ORD-648399,2024-11-19,2024-11,9959,Sweden,Clothing,Jacket,9,327.05,2943.45
ORD-107384,2024-11-26,2024-11,7340,Netherlands,Clothing,Jacket,8,23.01,184.08
ORD-238365,2024-11-04,2024-11,7582,Netherlands,Toys,Board Game,10,33.07,330.7
ORD-736166,2024-11-18,2024-11,4595,India,Beauty,Perfume,9,80.55,724.95
ORD-793478,2024-11-23,2024-11,4784,Sweden,Books,Comic,7,260.58,1824.06
ORD-146387,2024-11-02,2024-11,5977,Sweden,Office Supplies,Envelope,6,128.88,773.28
ORD-920972,2024-11-17,2024-11,7893,China,Beauty,Face Mask,9,310.95,2798.55
ORD-563742,2024-11-23,2024-11,4691,Australia,Books,Dictionary,8,228.58,1828.64
ORD-205014,2024-11-26,2024-11,4868,Netherlands,Clothing,Jacket,4,332.52,1330.08
ORD-561350,2024-11-02,2024-11,6290,Mexico,Sports,Basketball,6,343.86,2063.16
ORD-732819,2024-11-03,2024-11,1536,Mexico,Sports,Running Shoes,10,267.15,2671.5
ORD-426295,2024-11-27,2024-11,4647,Italy,Automotive,Floor Mat,1,147.28,147.28
ORD-606878,2024-11-03,2024-11,7023,Canada,Automotive,Seat Cover,5,162.57,812.85
ORD-992161,2024-11-08,2024-11,1842,Sweden,Clothing,Jacket,6,489.11,2934.66
ORD-958925,2024-11-15,2024-11,1806,Brazil,Books,Travel Guide,7,65.78,460.46
ORD-572209,2024-11-02,2024-11,9746,Italy,Office Supplies,Notebook,8,295.56,2364.48
ORD-943366,2024-11-05,2024-11,8313,Netherlands,Automotive,Car Charger,5,123.74,618.7
ORD-702412,2024-11-10,2024-11,5374,Brazil,Sports,Bicycle Helmet,8,139.07,1112.56
ORD-412646,2024-11-25,2024-11,5807,Netherlands,Electronics,Headphones,7,875.35,6127.45
ORD-329249,2024-11-05,2024-11,1354,Germany,Clothing,Shorts,8,310.45,2483.6
ORD-483832,2024-11-04,2024-11,9169,Netherlands,Automotive,Seat Cover,8,183.98,1471.84
ORD-512617,2024-11-15,2024-11,8422,Mexico,Food,Honey,9,27.18,244.62
ORD-486178,2024-11-27,2024-11,4414,India,Electronics,Tablet,9,223.02,2007.18
ORD-996046,2024-11-06,2024-11,5985,Germany,Food,Olive Oil,7,33.51,234.57
ORD-711401,2024-11-24,2024-11,7108,Mexico,Clothing,Hoodie,4,134.6,538.4
ORD-987681,2024-11-07,2024-11,8091,China,Toys,Board Game,7,156.95,1098.65
ORD-474065,2024-11-24,2024-11,8715,UK,Home & Garden,Lamp,10,69.94,699.4
ORD-220486,2024-11-21,2024-11,9925,Sweden,Home & Garden,Candle,10,248.66,2486.6
ORD-273628,2024-11-11,2024-11,7958,USA,Clothing,Scarf,3,16.43,49.29
ORD-203685,2024-11-19,2024-11,2260,Japan,Automotive,Dash Camera,5,280.39,1401.95
ORD-839490,2024-11-16,2024-11,4734,Mexico,Home & Garden,Picture Frame,1,199.44,199.44
ORD-127085,2024-11-16,2024-11,5180,Italy,Automotive,Seat Cover,5,407.32,2036.6
ORD-311059,2024-11-13,2024-11,3104,Brazil,Office Supplies,Stapler,4,151.42,605.68
ORD-703075,2024-11-21,2024-11,1469,Netherlands,Food,Spices,1,38.05,38.05
ORD-582009,2024-11-07,2024-11,7299,Brazil,Food,Green Tea,8,44.48,355.84
ORD-101568,2024-11-14,2024-11,3017,Japan,Office Supplies,Sticky Notes,2,223.4,446.8
ORD-240957,2024-11-08,2024-11,3286,Sweden,Sports,Bicycle Helmet,1,146.16,146.16
ORD-175885,2024-11-20,2024-11,3097,France,Food,Olive Oil,1,60.9,60.9
ORD-475477,2024-11-08,2024-11,4420,Brazil,Beauty,Nail Polish,8,446.64,3573.12
ORD-256992,2024-11-15,2024-11,1264,Netherlands,Clothing,Scarf,6,310.99,1865.94
ORD-272180,2024-11-09,2024-11,5987,Canada,Home & Garden,Lamp,10,153.95,1539.5
ORD-478007,2024-11-15,2024-11,4461,Canada,Books,Dictionary,7,158.98,1112.86
ORD-215389,2024-11-26,2024-11,8115,Netherlands,Home & Garden,Throw Blanket,1,194.68,194.68
ORD-695183,2024-11-05,2024-11,7287,Spain,Books,Journal,2,196.01,392.02
ORD-609573,2024-11-19,2024-11,6844,Australia,Toys,Card Game,3,381.39,1144.17
ORD-127604,2024-11-03,2024-11,8187,Spain,Toys,Plush Toy,1,156.33,156.33
ORD-459949,2024-11-06,2024-11,4544,USA,Automotive,Phone Mount,6,374.05,2244.3
ORD-676010,2024-11-10,2024-11,2041,Spain,Books,Comic,5,463.43,2317.15
ORD-700480,2024-11-18,2024-11,7542,UK,Beauty,Perfume,4,456.2,1824.8
ORD-364965,2024-11-08,2024-11,1013,Spain,Home & Garden,Clock,2,478.78,957.56
ORD-819991,2024-11-24,2024-11,6917,Italy,Home & Garden,Lamp,6,350.92,2105.52
ORD-830524,2024-11-12,2024-11,8900,UK,Home & Garden,Vase,5,55.47,277.35
ORD-240522,2024-11-27,2024-11,8503,India,Automotive,Oil Filter,2,165.24,330.48
ORD-619618,2024-11-11,2024-11,1132,India,Home & Garden,Plant Pot,8,149.85,1198.8
ORD-943465,2024-11-07,2024-11,8134,Brazil,Toys,Puzzle,9,35.37,318.33
ORD-603760,2024-11-04,2024-11,7127,USA,Automotive,Car Charger,9,364.31,3278.79
ORD-168076,2024-11-19,2024-11,4984,Germany,Clothing,Dress,2,51.31,102.62
ORD-939057,2024-11-18,2024-11,5098,China,Books,Travel Guide,2,212.15,424.3
ORD-804001,2024-11-15,2024-11,1242,Brazil,Beauty,Shampoo,10,57.69,576.9
ORD-979702,2024-11-10,2024-11,7641,Japan,Automotive,Phone Mount,8,73.15,585.2
ORD-788438,2024-11-28,2024-11,1866,UK,Toys,Board Game,10,219.63,2196.3
ORD-112831,2024-11-09,2024-11,4242,Australia,Books,Textbook,4,97.81,391.24
ORD-552709,2024-11-07,2024-11,7623,UK,Electronics,Laptop,9,155.75,1401.75
ORD-276370,2024-11-11,2024-11,6492,Mexico,Sports,Yoga Mat,3,458.6,1375.8
ORD-528718,2024-11-26,2024-11,5723,France,Clothing,Jeans,7,85.17,596.19
ORD-693902,2024-11-03,2024-11,8870,Australia,Electronics,Smartphone,10,549.38,5493.8
ORD-315803,2024-11-13,2024-11,3321,Netherlands,Electronics,Smartphone,4,877.61,3510.44
ORD-133037,2024-11-28,2024-11,9508,UK,Food,Honey,1,17.98,17.98
ORD-496131,2024-11-22,2024-11,6234,UK,Books,Cookbook,6,96.29,577.74
ORD-991642,2024-11-24,2024-11,3291,Mexico,Electronics,Smartphone,1,1247.2,1247.2
ORD-703849,2024-11-18,2024-11,2237,France,Clothing,Sneakers,4,160.31,641.24
ORD-497234,2024-11-06,2024-11,2655,Mexico,Books,Biography,9,188.17,1693.53
ORD-972838,2024-11-24,2024-11,2912,Germany,Books,Cookbook,6,302.88,1817.28
ORD-519144,2024-11-07,2024-11,7745,UK,Home & Garden,Cushion,9,159.1,1431.9
ORD-712001,2024-11-26,2024-11,5889,Japan,Home & Garden,Clock,5,12.44,62.2
ORD-865127,2024-11-09,2024-11,9388,Germany,Toys,Drone,1,95.2,95.2
ORD-755467,2024-11-15,2024-11,6842,Spain,Books,Travel Guide,8,321.96,2575.68
ORD-473514,2024-11-20,2024-11,4973,UK,Home & Garden,Cushion,4,241.23,964.92
ORD-488944,2024-11-06,2024-11,7631,Italy,Clothing,Hoodie,7,498.67,3490.69
ORD-265366,2024-11-16,2024-11,6447,France,Office Supplies,Notebook,7,384.37,2690.59
ORD-379551,2024-11-14,2024-11,7057,India,Books,Novel,2,214.08,428.16
ORD-266989,2024-11-13,2024-11,8745,Germany,Sports,Water Bottle,6,426.01,2556.06
ORD-799319,2024-11-25,2024-11,5727,Sweden,Beauty,Sunscreen,6,202.97,1217.82
ORD-233464,2024-11-19,2024-11,4822,Brazil,Sports,Water Bottle,7,352.38,2466.66
ORD-617843,2024-11-07,2024-11,6555,France,Books,Cookbook,7,439.94,3079.58
ORD-776186,2024-11-16,2024-11,3469,Australia,Home & Garden,Candle,8,50.08,400.64
ORD-530780,2024-11-09,2024-11,7854,Australia,Books,Biography,5,114.13,570.65
ORD-922914,2024-11-22,2024-11,9987,Germany,Sports,Bicycle Helmet,7,293.1,2051.7
ORD-745829,2024-11-19,2024-11,2659,France,Toys,Lego Set,4,240.49,961.96
ORD-187348,2024-11-12,2024-11,9951,Canada,Clothing,Shorts,9,431.62,3884.58
ORD-124244,2024-11-15,2024-11,2663,Italy,Toys,Action Figure,4,53.31,213.24
ORD-912662,2024-11-13,2024-11,9144,UK,Books,Journal,3,38.88,116.64
ORD-680796,2024-11-20,2024-11,1066,Brazil,Clothing,Dress,8,217.57,1740.56
ORD-223548,2024-11-24,2024-11,1312,Japan,Automotive,Air Freshener,4,144.8,579.2
ORD-921032,2024-11-26,2024-11,3159,Japan,Clothing,Dress,5,106.27,531.35
ORD-885032,2024-11-21,2024-11,8242,Australia,Toys,Lego Set,3,146.21,438.63
ORD-726888,2024-11-25,2024-11,3694,Australia,Toys,Plush Toy,4,208.68,834.72
ORD-761241,2024-11-19,2024-11,2783,Italy,Beauty,Perfume,10,431.68,4316.8
ORD-987599,2024-11-27,2024-11,5924,Japan,Electronics,Headphones,9,1166.68,10500.12
ORD-853512,2024-11-14,2024-11,2309,Mexico,Clothing,Jacket,7,354.23,2479.61
ORD-531692,2024-11-20,2024-11,5786,Canada,Office Supplies,Envelope,1,210.9,210.9
ORD-508556,2024-11-20,2024-11,4673,Germany,Books,Dictionary,2,64.36,128.72
ORD-520848,2024-11-25,2024-11,2760,Spain,Food,Rice,2,59.27,118.54
ORD-304144,2024-11-19,2024-11,5045,Italy,Office Supplies,Whiteboard,2,26.6,53.2
ORD-973705,2024-11-07,2024-11,4709,France,Books,Comic,7,243.36,1703.52
ORD-965625,2024-11-26,2024-11,8897,Brazil,Books,Comic,1,59.19,59.19
ORD-617602,2024-11-02,2024-11,9937,Italy,Home & Garden,Candle,7,477.96,3345.72
ORD-110928,2024-11-18,2024-11,4547,France,Electronics,Smartphone,7,227.72,1594.04
ORD-788030,2024-11-01,2024-11,5635,Spain,Office Supplies,Notebook,5,33.3,166.5
ORD-994661,2024-11-18,2024-11,3646,Brazil,Electronics,Tablet,7,1670.05,11690.35
ORD-751002,2024-11-18,2024-11,7832,Sweden,Clothing,Shorts,2,499.63,999.26
ORD-370340,2024-11-04,2024-11,1648,UK,Books,Comic,4,477.84,1911.36
ORD-319707,2024-11-09,2024-11,9223,Brazil,Sports,Tennis Racket,1,445.2,445.2
ORD-803908,2024-11-02,2024-11,6230,Japan,Books,Textbook,10,350.73,3507.3
ORD-439660,2024-11-18,2024-11,2575,Germany,Beauty,Shampoo,2,197.26,394.52
ORD-920710,2024-11-16,2024-11,8873,Spain,Clothing,Jeans,3,66.84,200.52
ORD-418195,2024-11-28,2024-11,2601,Sweden,Office Supplies,Whiteboard,3,410.29,1230.87
ORD-403382,2024-11-17,2024-11,8601,Sweden,Electronics,Tablet,2,1133.51,2267.02
ORD-432517,2024-11-18,2024-11,2507,Netherlands,Clothing,Jacket,5,235.09,1175.45
ORD-599580,2024-11-20,2024-11,3239,Spain,Beauty,Shampoo,7,114.43,801.01
ORD-734594,2024-11-10,2024-11,9357,Japan,Sports,Jump Rope,4,431.49,1725.96
ORD-216600,2024-11-21,2024-11,2175,USA,Books,Textbook,10,254.67,2546.7
ORD-465272,2024-11-08,2024-11,7208,UK,Clothing,Dress,2,324.29,648.58
ORD-328374,2024-11-08,2024-11,5652,Italy,Electronics,Smartphone,6,210.68,1264.08
ORD-507409,2024-11-22,2024-11,6431,India,Electronics,Keyboard,3,895.02,2685.06
ORD-284025,2024-11-12,2024-11,2088,Netherlands,Toys,Plush Toy,6,175.2,1051.2
ORD-610193,2024-11-05,2024-11,9140,USA,Home & Garden,Candle,5,320.17,1600.85
ORD-546608,2024-11-17,2024-11,2065,Brazil,Beauty,Sunscreen,6,458.3,2749.8
ORD-331636,2024-11-19,2024-11,7396,Brazil,Office Supplies,Whiteboard,10,491.17,4911.7
ORD-553704,2024-11-19,2024-11,1956,Canada,Electronics,Monitor,6,1981.3,11887.8
ORD-410634,2024-11-12,2024-11,8396,Germany,Sports,Bicycle Helmet,9,188.39,1695.51
ORD-508647,2024-11-24,2024-11,3386,Mexico,Food,Chocolate,3,13.21,39.63
ORD-108383,2024-11-12,2024-11,7622,Japan,Food,Rice,7,7.46,52.22
ORD-216634,2024-11-10,2024-11,8805,Canada,Electronics,Laptop,5,1725.09,8625.45
ORD-288777,2024-11-21,2024-11,4645,Brazil,Electronics,Keyboard,7,1913.66,13395.62
ORD-103597,2024-11-26,2024-11,5270,Spain,Electronics,Mouse,1,250.08,250.08
ORD-609462,2024-11-09,2024-11,7747,Mexico,Toys,Board Game,2,494.25,988.5
ORD-625863,2024-11-16,2024-11,3221,USA,Automotive,Air Freshener,4,209.75,839.0
ORD-340510,2024-11-26,2024-11,2823,Netherlands,Clothing,Hoodie,3,333.2,999.6
ORD-113810,2024-11-06,2024-11,3340,UK,Automotive,Air Freshener,5,282.47,1412.35
ORD-475301,2024-11-28,2024-11,9782,Australia,Home & Garden,Clock,4,86.22,344.88
ORD-380993,2024-11-03,2024-11,5868,France,Electronics,Laptop,9,126.08,1134.72
ORD-838754,2024-11-12,2024-11,8411,Germany,Office Supplies,Notebook,2,446.05,892.1
ORD-303675,2024-11-01,2024-11,2891,Mexico,Books,Dictionary,6,414.76,2488.56
ORD-237627,2024-11-25,2024-11,6221,UK,Beauty,Perfume,10,325.13,3251.3
ORD-613146,2024-11-21,2024-11,1125,Canada,Toys,Plush Toy,6,353.1,2118.6
ORD-118028,2024-11-08,2024-11,1670,Brazil,Office Supplies,Envelope,9,24.31,218.79
ORD-354368,2024-11-20,2024-11,2192,Canada,Electronics,Camera,6,611.01,3666.06
ORD-897914,2024-11-25,2024-11,5936,Netherlands,Clothing,Hoodie,9,71.86,646.74
ORD-401819,2024-11-18,2024-11,2566,China,Home & Garden,Picture Frame,8,210.9,1687.2
ORD-739886,2024-11-03,2024-11,3111,UK,Automotive,Car Charger,9,324.36,2919.24
ORD-773684,2024-11-25,2024-11,4658,Germany,Electronics,Keyboard,9,721.49,6493.41
ORD-202075,2024-11-19,2024-11,1408,Brazil,Books,Journal,3,388.82,1166.46
ORD-725225,2024-11-08,2024-11,4635,France,Office Supplies,Envelope,7,412.79,2889.53
ORD-922343,2024-11-11,2024-11,1225,Brazil,Sports,Basketball,8,479.33,3834.64
ORD-295635,2024-11-25,2024-11,7096,Italy,Office Supplies,Whiteboard,5,20.22,101.1
ORD-476738,2024-11-21,2024-11,1010,India,Toys,Drone,5,33.93,169.65
ORD-507379,2024-11-13,2024-11,3510,USA,Automotive,Wiper,1,42.67,42.67
ORD-489288,2024-11-08,2024-11,6432,Germany,Toys,Art Set,5,231.65,1158.25
ORD-197762,2024-11-11,2024-11,8275,Japan,Electronics,Smartphone,7,330.61,2314.27
ORD-246814,2024-11-19,2024-11,4648,France,Toys,Puzzle,1,450.47,450.47
ORD-745886,2024-11-09,2024-11,6860,Brazil,Books,Novel,7,105.28,736.96
ORD-289110,2024-11-09,2024-11,3633,France,Office Supplies,Sticky Notes,8,157.63,1261.04
ORD-362702,2024-11-06,2024-11,6293,Mexico,Electronics,Camera,3,518.76,1556.28
ORD-183903,2024-11-01,2024-11,3852,Brazil,Books,Comic,5,385.73,1928.65
ORD-517669,2024-11-24,2024-11,8444,Canada,Food,Pasta,4,36.44,145.76
ORD-130192,2024-11-15,2024-11,2769,Australia,Sports,Basketball,10,148.08,1480.8
ORD-391032,2024-11-26,2024-11,7294,India,Food,Chocolate,3,40.99,122.97
ORD-332388,2024-11-08,2024-11,3695,USA,Sports,Jump Rope,4,498.41,1993.64
ORD-333036,2024-11-20,2024-11,3365,Mexico,Office Supplies,Desk Organizer,3,152.65,457.95
ORD-121239,2024-11-13,2024-11,2352,Brazil,Sports,Running Shoes,5,120.92,604.6
ORD-729244,2024-11-06,2024-11,3290,Japan,Office Supplies,Sticky Notes,10,453.36,4533.6
ORD-729395,2024-11-16,2024-11,2485,Canada,Beauty,Perfume,3,154.79,464.37
ORD-906458,2024-11-03,2024-11,3274,France,Food,Organic Coffee,9,43.69,393.21
ORD-501027,2024-11-08,2024-11,3897,Mexico,Clothing,Hoodie,7,299.27,2094.89
ORD-888030,2024-11-08,2024-11,4439,Japan,Beauty,Moisturizer,6,493.24,2959.44
ORD-147351,2024-11-08,2024-11,1540,Netherlands,Books,Textbook,9,297.32,2675.88
ORD-199845,2024-11-06,2024-11,5949,USA,Automotive,Phone Mount,7,84.1,588.7
ORD-336656,2024-11-08,2024-11,1798,Mexico,Clothing,Sneakers,10,113.71,1137.1
ORD-777513,2024-11-20,2024-11,9018,Canada,Office Supplies,Envelope,1,40.28,40.28
ORD-982572,2024-11-04,2024-11,1355,Japan,Food,Rice,3,40.79,122.37
ORD-471088,2024-11-16,2024-11,6578,Italy,Toys,Plush Toy,6,41.36,248.16
ORD-337926,2024-11-20,2024-11,6064,India,Electronics,Mouse,3,1633.2,4899.6
ORD-878986,2024-11-26,2024-11,1007,Italy,Home & Garden,Cushion,3,488.93,1466.79
ORD-905704,2024-11-21,2024-11,4839,Mexico,Clothing,Shorts,9,239.67,2157.03
ORD-978567,2024-11-10,2024-11,2236,Japan,Home & Garden,Cushion,5,226.14,1130.7
ORD-893705,2024-11-24,2024-11,5015,Spain,Beauty,Moisturizer,5,67.95,339.75
ORD-548694,2024-11-03,2024-11,6779,Sweden,Books,Textbook,8,338.34,2706.72
ORD-779584,2024-11-12,2024-11,7893,USA,Toys,Card Game,8,96.63,773.04
ORD-190744,2024-11-26,2024-11,7849,USA,Clothing,Jacket,9,291.99,2627.91
ORD-162782,2024-11-22,2024-11,6261,Japan,Beauty,Moisturizer,10,46.35,463.5
ORD-756475,2024-11-22,2024-11,3553,Canada,Food,Olive Oil,8,15.82,126.56
ORD-314431,2024-11-21,2024-11,9963,Japan,Beauty,Moisturizer,7,414.69,2902.83
ORD-665340,2024-11-07,2024-11,6493,UK,Books,Cookbook,2,345.14,690.28
ORD-855458,2024-11-28,2024-11,6828,Canada,Office Supplies,Stapler,9,77.65,698.85
ORD-187164,2024-11-08,2024-11,5660,Japan,Automotive,Phone Mount,2,456.69,913.38
ORD-575587,2024-11-01,2024-11,5686,Germany,Food,Pasta,4,8.8,35.2
ORD-317243,2024-11-08,2024-11,6515,Netherlands,Books,Cookbook,2,354.49,708.98
ORD-992817,2024-11-20,2024-11,3346,Australia,Home & Garden,Lamp,9,332.77,2994.93
ORD-848269,2024-11-16,2024-11,7227,UK,Toys,Action Figure,9,379.93,3419.37
ORD-532783,2024-11-18,2024-11,5224,Mexico,Clothing,Scarf,8,108.84,870.72
ORD-246235,2024-11-11,2024-11,6611,Sweden,Office Supplies,Notebook,9,448.8,4039.2
ORD-954091,2024-11-09,2024-11,1675,Spain,Clothing,Jeans,1,336.98,336.98
ORD-552022,2024-11-14,2024-11,7354,Italy,Sports,Running Shoes,3,202.53,607.59
ORD-393234,2024-11-26,2024-11,8292,Canada,Books,Dictionary,3,80.8,242.4
ORD-805315,2024-11-08,2024-11,6176,Spain,Sports,Water Bottle,6,249.61,1497.66
ORD-654628,2024-11-16,2024-11,7426,India,Sports,Bicycle Helmet,5,488.94,2444.7
ORD-953693,2024-11-14,2024-11,8230,India,Automotive,Floor Mat,5,88.27,441.35
ORD-430198,2024-11-10,2024-11,5718,USA,Sports,Dumbbells,3,209.33,627.99
ORD-450017,2024-11-14,2024-11,1095,India,Toys,Lego Set,9,170.23,1532.07
ORD-538190,2024-11-14,2024-11,2799,Netherlands,Food,Organic Coffee,8,77.76,622.08
ORD-562264,2024-11-11,2024-11,9064,Italy,Food,Olive Oil,10,71.7,717.0
ORD-215602,2024-11-05,2024-11,4530,Netherlands,Home & Garden,Picture Frame,10,45.75,457.5
ORD-406925,2024-11-01,2024-11,5934,Sweden,Toys,Card Game,4,101.16,404.64
ORD-586162,2024-11-12,2024-11,9084,France,Beauty,Moisturizer,10,486.51,4865.1
ORD-581249,2024-11-17,2024-11,3243,Netherlands,Sports,Dumbbells,1,152.74,152.74
ORD-406818,2024-11-20,2024-11,1396,Mexico,Books,Biography,2,269.55,539.1
ORD-827098,2024-11-08,2024-11,8418,Spain,Automotive,Air Freshener,3,104.6,313.8
ORD-611954,2024-11-03,2024-11,1919,Australia,Office Supplies,Whiteboard,7,361.71,2531.97
ORD-803492,2024-11-07,2024-11,7556,Japan,Beauty,Moisturizer,4,209.43,837.72
ORD-932333,2024-11-01,2024-11,3303,Germany,Automotive,Wiper,3,65.28,195.84
ORD-627831,2024-11-24,2024-11,3482,Sweden,Electronics,Laptop,5,1367.98,6839.9
ORD-313427,2024-11-09,2024-11,5397,Netherlands,Food,Spices,9,78.46,706.14
ORD-124055,2024-11-15,2024-11,4352,Netherlands,Books,Travel Guide,7,341.09,2387.63
ORD-831184,2024-11-24,2024-11,9347,China,Food,Spices,2,75.31,150.62
ORD-736055,2024-11-11,2024-11,4388,Netherlands,Toys,Board Game,5,323.66,1618.3
ORD-393529,2024-11-18,2024-11,5686,USA,Toys,Lego Set,7,492.83,3449.81
ORD-691318,2024-11-09,2024-11,1851,UK,Clothing,Sneakers,2,314.6,629.2
ORD-181207,2024-11-21,2024-11,4525,Netherlands,Sports,Yoga Mat,1,484.87,484.87
ORD-850146,2024-11-04,2024-11,2774,Japan,Sports,Tennis Racket,9,242.84,2185.56
ORD-769958,2024-11-17,2024-11,1983,Germany,Automotive,Car Charger,10,369.54,3695.4
ORD-385148,2024-11-03,2024-11,1585,Mexico,Home & Garden,Picture Frame,1,40.01,40.01
ORD-179532,2024-11-13,2024-11,4964,Japan,Clothing,Hoodie,6,447.88,2687.28
ORD-640070,2024-11-21,2024-11,4499,Brazil,Sports,Water Bottle,5,330.72,1653.6
ORD-306658,2024-11-11,2024-11,4559,China,Beauty,Sunscreen,1,182.61,182.61
ORD-499961,2024-11-13,2024-11,1689,Canada,Office Supplies,Pen,6,263.0,1578.0
ORD-375003,2024-11-27,2024-11,5617,China,Beauty,Shampoo,9,409.66,3686.94
ORD-524461,2024-11-15,2024-11,1591,UK,Clothing,T-Shirt,2,397.25,794.5
ORD-211886,2024-11-23,2024-11,9636,China,Automotive,Seat Cover,2,60.39,120.78
ORD-218303,2024-11-26,2024-11,6993,Japan,Automotive,Wiper,7,263.51,1844.57
ORD-707274,2024-11-27,2024-11,2395,Netherlands,Office Supplies,Envelope,6,198.84,1193.04
ORD-854363,2024-11-14,2024-11,9541,UK,Books,Biography,1,42.18,42.18
ORD-473856,2024-11-07,2024-11,6256,Brazil,Electronics,Monitor,5,781.1,3905.5
ORD-671927,2024-11-11,2024-11,9832,Japan,Clothing,Hoodie,3,225.47,676.41
ORD-907889,2024-11-08,2024-11,7055,Germany,Books,Dictionary,10,293.47,2934.7
